time,seconds_elapsed,z,y,x
1742766409852466000,0.0434658203125,0.10101890563964844,-0.32522615790367126,-0.40413904190063477
1742766409862663000,0.053662841796875,0.10101127624511719,-0.32406193017959595,-0.40152251720428467
1742766409877046300,0.06804638671875,-0.22431659698486328,-0.5689610242843628,-0.08297416567802429
1742766409891430000,0.082429931640625,-0.1973714828491211,0.010833799839019775,0.19564208388328552
1742766409905813200,0.096813232421875,0.5246906280517578,-0.2507138252258301,-0.07337431609630585
1742766409920196900,0.11119677734375,0.6522331237792969,-0.30995333194732666,-0.2198631465435028
1742766409934580500,0.12558056640625,-0.5745201110839844,-0.30200523138046265,0.13857662677764893
1742766409948963800,0.1399638671875,-2.6910319328308105,0.4167029559612274,0.21946267783641815
1742766409963347500,0.154347412109375,-1.8051352500915527,0.2084900438785553,-0.23684915900230408
1742766409977730800,0.168730712890625,-0.3098268508911133,-0.5890359878540039,0.7800666093826294
1742766409992114400,0.183114501953125,0.3538684844970703,0.6299148797988892,0.23217728734016418
1742766410006498000,0.197498046875,-1.1106452941894531,0.035081177949905396,-0.11761446297168732
1742766410020881400,0.21188134765625,0.5592164993286133,0.5188271999359131,0.5624160766601562
1742766410035265000,0.22626513671875,1.0226774215698242,-0.41036462783813477,0.6923536062240601
1742766410049648400,0.2406484375,0.252899169921875,0.44092291593551636,-0.2230605036020279
1742766410064032000,0.255031982421875,1.5731935501098633,-0.39703065156936646,-0.09391246736049652
1742766410078415400,0.269415283203125,1.1518735885620117,0.6112402677536011,0.08143630623817444
1742766410092799000,0.283799072265625,-1.7076311111450195,-0.5618283152580261,-0.08350628614425659
1742766410107182600,0.2981826171875,1.396061897277832,0.20328807830810547,-0.3964088559150696
1742766410121566000,0.31256591796875,-0.22774314880371094,-0.05891481041908264,-0.26871973276138306
1742766410135949600,0.326949462890625,0.6661272048950195,-0.29141202569007874,-0.3224950432777405
1742766410150333000,0.3413330078125,0.7136268615722656,-0.43930190801620483,0.0926767885684967
1742766410164716500,0.355716552734375,-0.14254474639892578,0.42451560497283936,-0.2821468710899353
1742766410179100000,0.370099853515625,-0.7726144790649414,-0.39630797505378723,-0.20087535679340363
1742766410193483500,0.3844833984375,1.3494510650634766,0.09552353620529175,-0.021177038550376892
1742766410207867100,0.3988671875,-0.518986701965332,-0.570927619934082,-0.30711519718170166
1742766410222250500,0.41325048828125,-0.5212745666503906,0.22994959354400635,-0.3319862484931946
1742766410236634000,0.427634033203125,-0.8188753128051758,0.08277857303619385,-0.09073399007320404
1742766410251017500,0.442017578125,0.6822242736816406,-0.6128382682800293,0.033948689699172974
1742766410265401000,0.456401123046875,0.4236135482788086,-0.013680249452590942,0.12779954075813293
1742766410279784400,0.470784423828125,-1.5010900497436523,0.23561647534370422,0.04205714166164398
1742766410294168000,0.48516796875,-0.7373037338256836,0.5046502351760864,0.2936621308326721
1742766410308551700,0.4995517578125,-0.4543313980102539,-0.5321819186210632,0.5797792077064514
1742766410322935000,0.51393505859375,1.441115379333496,0.4821819067001343,0.40499991178512573
1742766410337318700,0.528318603515625,-0.24248123168945312,-0.03175458312034607,-0.27397894859313965
1742766410351702000,0.542701904296875,-0.6383609771728516,0.20674240589141846,-0.21296754479408264
1742766410366085600,0.557085693359375,-1.9016051292419434,-0.32143473625183105,0.6894790530204773
1742766410380469200,0.57146923828125,0.1696767807006836,0.3572322428226471,-0.30324587225914
1742766410394852600,0.5858525390625,0.7388982772827148,-0.35520920157432556,-0.5228109359741211
1742766410409236200,0.600236328125,1.5388832092285156,0.3279278874397278,0.23147884011268616
1742766410423619600,0.61461962890625,-0.6090373992919922,-0.019099831581115723,-0.0230131596326828
1742766410438003200,0.629003173828125,0.1415386199951172,0.11186844110488892,-0.4493457078933716
1742766410452386600,0.643386474609375,-0.01029205322265625,-0.022011369466781616,-0.027975991368293762
1742766410466770200,0.657770263671875,0.5049228668212891,0.0037335753440856934,0.8128031492233276
1742766410481153800,0.67215380859375,2.547183036804199,-0.3030950725078583,0.11118198931217194
1742766410495537200,0.686537109375,0.18306350708007812,-0.2062585949897766,-0.6534925699234009
1742766410509920800,0.700920654296875,-1.888566493988037,0.38180410861968994,0.16639278829097748
1742766410524304100,0.71530419921875,-1.0587186813354492,-0.517733633518219,-0.10724867880344391
1742766410538687700,0.729687744140625,1.6923761367797852,-0.3658727705478668,-0.1848682463169098
1742766410553071000,0.744071044921875,0.7749643325805664,0.06619545817375183,0.24815447628498077
1742766410567454700,0.758454833984375,-1.3837776184082031,0.043963849544525146,-0.1846330314874649
1742766410581838300,0.77283837890625,-1.0752363204956055,-0.08710458874702454,-0.011158555746078491
1742766410596221700,0.7872216796875,-1.3084955215454102,-0.42679116129875183,0.5140318870544434
1742766410610605300,0.801605224609375,0.5720834732055664,0.37319719791412354,-0.3924638628959656
1742766410624988700,0.81598876953125,0.17682743072509766,-0.02472546696662903,-0.42658382654190063
1742766410639372300,0.830372314453125,-0.21702289581298828,0.06587827205657959,0.25563618540763855
1742766410653755600,0.844755615234375,-3.0447134971618652,0.30425968766212463,-0.04075495898723602
1742766410668139300,0.85913916015625,1.7172489166259766,0.4249396026134491,-0.7123926877975464
1742766410682523000,0.87352294921875,-0.7205438613891602,0.08020398020744324,-0.22599726915359497
1742766410696906200,0.88790625,0.4536561965942383,0.09751105308532715,0.24884533882141113
1742766410711289900,0.902289794921875,0.6909961700439453,0.2644462287425995,-0.42713627219200134
1742766410725673200,0.916673095703125,-0.4579343795776367,-0.24329400062561035,0.059436023235321045
1742766410740056800,0.931056884765625,1.1450920104980469,-0.02438005805015564,0.682163417339325
1742766410754440400,0.9454404296875,1.413996696472168,-0.11106052994728088,0.009020164608955383
1742766410768823800,0.95982373046875,0.8537998199462891,-0.38212576508522034,-0.7157688140869141
1742766410783207400,0.97420751953125,-1.1525506973266602,0.7881569862365723,0.361968994140625
1742766410797590800,0.9885908203125,-1.3656120300292969,-0.07113024592399597,0.06739585101604462
1742766410811974400,1.002974365234375,2.623220443725586,-0.2577521800994873,-0.3375154137611389
1742766410826357800,1.017357666015625,1.0476713180541992,-0.11346712708473206,-0.08961078524589539
1742766410840741400,1.031741455078125,-0.014270782470703125,0.13893252611160278,-0.3618120551109314
1742766410855125000,1.046125,-0.29835987091064453,-0.34580129384994507,0.21879515051841736
1742766410869508400,1.06050830078125,-0.697967529296875,-0.3858132064342499,0.46405988931655884
1742766410883892000,1.07489208984375,-0.3493032455444336,0.29898709058761597,-0.5599707365036011
1742766410898275300,1.089275390625,0.35582733154296875,-0.3847790062427521,0.003997743129730225
1742766410912659000,1.103658935546875,-1.062795639038086,-0.5494966506958008,0.16116811335086823
1742766410927042300,1.118042236328125,-2.3895726203918457,0.6174768209457397,-0.09099453687667847
1742766410941426000,1.132426025390625,0.36516380310058594,0.28216075897216797,-0.13203343749046326
1742766410955809300,1.146809326171875,-0.4796428680419922,0.1950882077217102,0.16689766943454742
1742766410970193000,1.16119287109375,-0.4982919692993164,0.335671603679657,0.010030433535575867
1742766410984576500,1.175576416015625,-1.815901279449463,0.3066864013671875,-0.534663736820221
1742766410998959900,1.1899599609375,-0.5192575454711914,0.09074357151985168,0.118390753865242
1742766411013343500,1.204343505859375,-0.20651626586914062,0.0033303499221801758,0.9574570655822754
1742766411027726800,1.218726806640625,2.284212112426758,-0.42819151282310486,-2.0344064235687256
1742766411042110500,1.2331103515625,1.8933801651000977,0.08336415886878967,-0.06073318421840668
1742766411056494000,1.247494140625,-1.2844266891479492,0.3542909026145935,0.04707631468772888
1742766411070877400,1.26187744140625,-0.7452144622802734,-0.4761200547218323,0.004874870181083679
1742766411085261000,1.276260986328125,1.3540849685668945,-0.0911065936088562,-0.12156595289707184
1742766411099644400,1.29064453125,1.1575469970703125,0.10599058866500854,-0.19330807030200958
1742766411114028000,1.305028076171875,0.630859375,-0.2967894673347473,0.7238022089004517
1742766411128411400,1.319411376953125,0.5413742065429688,-0.29972410202026367,-0.8523099422454834
1742766411142795000,1.333794921875,0.017660140991210938,0.045356929302215576,0.10584661364555359
1742766411157178600,1.3481787109375,-0.3695259094238281,-0.07929104566574097,-1.3677550554275513
1742766411171562000,1.36256201171875,-0.09744834899902344,-0.3347613513469696,0.1150987297296524
1742766411185945600,1.376945556640625,-0.6693592071533203,-0.6088569760322571,0.16975682973861694
1742766411200329000,1.391328857421875,-1.0938758850097656,0.2363814115524292,-0.6023666262626648
1742766411214712600,1.405712646484375,-0.6313972473144531,0.24627119302749634,-0.09368807077407837
1742766411229096000,1.420095947265625,1.428497314453125,0.12826520204544067,0.20258963108062744
1742766411243479600,1.4344794921875,-1.0309419631958008,-0.2032761573791504,-0.0481104701757431
1742766411257863200,1.44886328125,-1.2101001739501953,0.3528878390789032,-0.4770362675189972
1742766411272246500,1.46324658203125,-0.871891975402832,0.37291914224624634,-0.015103191137313843
1742766411286630100,1.477630126953125,-1.015045166015625,-0.3050556778907776,0.3619449734687805
1742766411301013500,1.492013427734375,0.28426265716552734,0.01987120509147644,0.034998148679733276
1742766411315397000,1.506397216796875,2.2708492279052734,0.19758197665214539,-0.5540434122085571
1742766411329780500,1.520780517578125,0.022508621215820312,0.08242654800415039,0.04667039215564728
1742766411344164000,1.5351640625,1.3067102432250977,0.09933051466941833,0.2025427371263504
1742766411358547700,1.549547607421875,-0.4242401123046875,0.1667991578578949,-0.3265589475631714
1742766411372931000,1.56393115234375,2.075596809387207,0.10039761662483215,-0.3647162914276123
1742766411387314700,1.578314697265625,0.6048364639282227,0.07419756054878235,-0.10013322532176971
1742766411401698000,1.592697998046875,0.658686637878418,-0.43579554557800293,-0.47347790002822876
1742766411416081700,1.60708154296875,-0.34682178497314453,-0.09443506598472595,-0.49641281366348267
1742766411430465000,1.621465087890625,-0.44792938232421875,-0.03765523433685303,-0.6123383641242981
1742766411444848600,1.6358486328125,-0.2638664245605469,-0.22413527965545654,-0.3644029498100281
1742766411459232300,1.650232177734375,0.046421051025390625,-0.7525549530982971,-0.2521490454673767
1742766411473615600,1.66461572265625,-0.18816566467285156,-0.11995847523212433,-0.3792878985404968
1742766411487999200,1.678999267578125,-1.4512338638305664,0.33539631962776184,-0.44310739636421204
1742766411502382600,1.693382568359375,0.07294273376464844,-0.10934630036354065,-0.02460460364818573
1742766411516766200,1.70776611328125,-0.7495098114013672,-0.05476614832878113,0.11851805448532104
1742766411531149600,1.722149658203125,-0.22690391540527344,0.10192960500717163,-0.890894889831543
1742766411545533200,1.736533203125,-1.0908288955688477,0.04923960566520691,0.010996446013450623
1742766411559916800,1.750916748046875,-0.02878093719482422,-0.21437226235866547,0.34210771322250366
1742766411574300200,1.765300048828125,-0.004900932312011719,-0.0030163824558258057,-0.15562856197357178
1742766411588683800,1.779683837890625,-0.29030799865722656,0.23941856622695923,-0.4435262084007263
1742766411603067100,1.794067138671875,-0.11876296997070312,0.3261149823665619,0.15675432980060577
1742766411617450800,1.80845068359375,1.33709716796875,-0.4253903925418854,-0.24344326555728912
1742766411631834000,1.822834228515625,-0.8097429275512695,-0.006474941968917847,-0.5250977277755737
1742766411646217700,1.8372177734375,0.9332599639892578,0.10447180271148682,-0.4100341200828552
1742766411660601300,1.851601318359375,0.03975105285644531,-0.10684612393379211,-0.24299727380275726
1742766411674984700,1.865984619140625,0.7893924713134766,-0.28000059723854065,-0.28924018144607544
1742766411689368300,1.880368408203125,0.6805315017700195,0.4269138276576996,-0.3778999447822571
1742766411703751700,1.894751708984375,0.8062601089477539,0.10837474465370178,-0.7568696737289429
1742766411718135300,1.90913525390625,-0.7531776428222656,-0.10566800832748413,-0.29922956228256226
1742766411732518700,1.9235185546875,1.0599393844604492,-0.641826868057251,0.26467224955558777
1742766411746902300,1.93790234375,1.1458740234375,-0.44218701124191284,-0.5275242328643799
1742766411761285600,1.95228564453125,-0.6996231079101562,0.01212996244430542,-0.4239864945411682
1742766411775669200,1.966669189453125,-0.8716526031494141,-0.20316369831562042,-0.19555263221263885
1742766411790052900,1.981052978515625,-0.15949153900146484,-0.04688641428947449,-0.12395426630973816
1742766411804436200,1.995436279296875,-0.4389371871948242,0.05312204360961914,-0.4634981155395508
1742766411818819800,2.00981982421875,0.14347457885742188,0.2944631576538086,-0.0172245055437088
1742766411833203200,2.024203125,0.6812467575073242,-0.44266006350517273,-0.028778553009033203
1742766411847586800,2.0385869140625,-0.23032569885253906,-0.14441072940826416,-0.15519361197948456
1742766411861970200,2.05297021484375,-0.6869630813598633,-0.21758098900318146,-0.20716460049152374
1742766411876353800,2.067353759765625,-0.3980998992919922,0.29076093435287476,-0.24467584490776062
1742766411890737400,2.0817373046875,2.026768684387207,-0.9543418288230896,0.13481418788433075
1742766411905120800,2.096120849609375,-1.4936790466308594,0.5577624440193176,-0.008818775415420532
1742766411919504400,2.11050439453125,-1.343667984008789,-0.024930626153945923,-0.850833535194397
1742766411933887700,2.1248876953125,1.473409652709961,0.05596894025802612,-0.4311044216156006
1742766411948271400,2.139271240234375,-0.4308795928955078,-0.40634649991989136,-0.06620940566062927
1742766411962654700,2.15365478515625,-0.039389610290527344,0.56194007396698,-0.5602384209632874
1742766411977038300,2.168038330078125,0.8778963088989258,0.18862316012382507,-0.5204434394836426
1742766411991422000,2.182421875,-0.6019830703735352,-0.28578948974609375,0.0037538856267929077
1742766412005805300,2.196805419921875,-1.3220548629760742,0.24618935585021973,0.13634705543518066
1742766412020189000,2.21118896484375,0.771296501159668,-0.15289020538330078,-0.42870378494262695
1742766412034572300,2.225572265625,1.4117393493652344,0.2310411036014557,-0.16943314671516418
1742766412048956000,2.239955810546875,-1.2510356903076172,0.08435973525047302,-0.13018634915351868
1742766412063339300,2.25433935546875,-0.874664306640625,-0.1260436326265335,0.046112194657325745
1742766412077723000,2.268722900390625,1.2459383010864258,-0.15800003707408905,-0.806836724281311
1742766412092106500,2.2831064453125,1.2426280975341797,-0.2582421600818634,-0.10497662425041199
1742766412106489900,2.29748974609375,0.027276039123535156,-0.02455008029937744,0.09332488477230072
1742766412120873500,2.31187353515625,0.927973747253418,0.20027393102645874,-0.23185107111930847
1742766412135256800,2.3262568359375,0.0912322998046875,-0.172014519572258,-0.44428545236587524
1742766412149640400,2.340640380859375,-0.28969669342041016,0.24551013112068176,0.0996214896440506
1742766412164023800,2.35502392578125,1.961634635925293,-0.8885587453842163,0.24228033423423767
1742766412178407400,2.369407470703125,1.103684425354004,0.5379072427749634,-0.4808347523212433
1742766412192790800,2.383790771484375,-1.778451919555664,-0.30137670040130615,-0.4147786498069763
1742766412207174400,2.39817431640625,0.36528778076171875,0.18019360303878784,-0.3246051073074341
1742766412221558000,2.41255810546875,-2.1746296882629395,-0.649628758430481,-0.16476890444755554
1742766412235941400,2.42694140625,-0.05410289764404297,-0.22368231415748596,-0.03494855761528015
1742766412250325000,2.441324951171875,0.731867790222168,0.5667918920516968,-0.7750521898269653
1742766412264708400,2.455708251953125,-1.0912742614746094,-0.6713966727256775,-0.12057703733444214
1742766412279092000,2.470092041015625,-1.3813724517822266,-0.22063112258911133,0.2311704158782959
1742766412293475300,2.484475341796875,-0.5290355682373047,0.21664279699325562,-0.3770315647125244
1742766412307859000,2.49885888671875,0.9098072052001953,-0.06725004315376282,-0.04955941438674927
1742766412322242600,2.51324267578125,2.4065303802490234,0.21678990125656128,-0.35962310433387756
1742766412336626000,2.5276259765625,-3.0702881813049316,-0.029479503631591797,-0.09459817409515381
1742766412351009500,2.542009521484375,1.0275993347167969,0.3157953917980194,-0.5567176938056946
1742766412365393000,2.556392822265625,-0.3148069381713867,0.35835328698158264,-0.08467629551887512
1742766412379776500,2.570776611328125,1.5902204513549805,-0.4523491859436035,0.30151206254959106
1742766412394159900,2.585159912109375,1.9056224822998047,-0.1570294052362442,0.13677763938903809
1742766412408543500,2.59954345703125,0.5515518188476562,0.037002384662628174,-0.4927533268928528
1742766412422927000,2.613927001953125,0.2214832305908203,0.026431530714035034,0.40787506103515625
1742766412437310500,2.628310546875,2.0276145935058594,-0.1455368995666504,0.11727696657180786
1742766412451694000,2.642694091796875,-0.7026176452636719,-0.2703293561935425,-0.15915527939796448
1742766412466077400,2.657077392578125,0.9039449691772461,-0.16067224740982056,-0.6464595794677734
1742766412480461000,2.6714609375,-0.2620677947998047,0.17922517657279968,-0.6011013984680176
1742766412494844400,2.685844482421875,-0.6583127975463867,-0.7520201206207275,-0.3906426727771759
1742766412509228000,2.70022802734375,0.9403533935546875,0.042120128870010376,-0.24884873628616333
1742766412523611400,2.714611328125,-1.0869770050048828,0.4195258319377899,-0.8607845306396484
1742766412537995000,2.7289951171875,0.49078369140625,-0.05653315782546997,-0.6487548351287842
1742766412552378600,2.743378662109375,-0.6171979904174805,-0.7545360922813416,0.16979734599590302
1742766412566762000,2.757761962890625,-0.3230609893798828,0.28135064244270325,-0.32689744234085083
1742766412581145600,2.7721455078125,1.1912994384765625,0.31623905897140503,0.04078732430934906
1742766412595529000,2.786529052734375,-0.021017074584960938,-0.32428833842277527,-0.11546960473060608
1742766412609912600,2.80091259765625,-3.4795985221862793,-0.25108233094215393,-0.5293378829956055
1742766412624296000,2.8152958984375,-3.6815152168273926,0.007290959358215332,-0.575951874256134
1742766412638679600,2.829679443359375,-0.8938922882080078,-0.06466561555862427,-0.26447734236717224
1742766412653063200,2.844063232421875,0.5712051391601562,-0.33894023299217224,0.24239659309387207
1742766412667446500,2.858446533203125,1.3318519592285156,-0.03745529055595398,0.10925543308258057
1742766412681830100,2.872830078125,0.5676593780517578,0.5376794338226318,-1.1316120624542236
1742766412696213500,2.887213623046875,-1.4940214157104492,0.06717538833618164,0.010855227708816528
1742766412710597000,2.90159716796875,1.6996631622314453,0.09845522046089172,0.24574801325798035
1742766412724980500,2.91598046875,1.1163911819458008,0.35553672909736633,-0.008556514978408813
1742766412739364000,2.930364013671875,1.2014284133911133,-0.1783783882856369,-0.6272972226142883
1742766412753747500,2.94474755859375,0.057506561279296875,0.34821468591690063,-0.2272891402244568
1742766412768131000,2.959131103515625,0.18947219848632812,-0.9050180912017822,-0.06700998544692993
1742766412782514400,2.973514404296875,0.6108150482177734,-0.43062546849250793,-0.12877008318901062
1742766412796898000,2.98789794921875,1.1986751556396484,0.29609009623527527,-0.9048773050308228
1742766412811281700,3.00228173828125,0.40833473205566406,-0.36413851380348206,-0.3953011631965637
1742766412825665000,3.0166650390625,-0.49042415618896484,-0.5441991090774536,0.1208476573228836
1742766412840048600,3.031048583984375,-2.7023324966430664,-0.10973979532718658,-0.18657591938972473
1742766412854432000,3.045431884765625,2.1138105392456055,0.3271259069442749,-0.5792412757873535
1742766412868815600,3.059815673828125,1.4402036666870117,-0.46185600757598877,0.0026600658893585205
1742766412883199000,3.074198974609375,0.18985652923583984,-0.08722767233848572,-0.05480417609214783
1742766412897582600,3.08858251953125,-1.6094484329223633,0.28792431950569153,-0.7067147493362427
1742766412911966200,3.10296630859375,-0.18607711791992188,0.3343689441680908,-0.11386251449584961
1742766412926349600,3.117349609375,-1.239485740661621,-0.15690357983112335,0.1897551566362381
1742766412940733200,3.131733154296875,0.3222627639770508,-0.12108008563518524,0.0567891001701355
1742766412955116500,3.146116455078125,-0.18404483795166016,0.12148463726043701,-0.3427688777446747
1742766412969500200,3.160500244140625,0.5066947937011719,0.4996236562728882,0.36901575326919556
1742766412983883500,3.174883544921875,-1.051675796508789,-0.4648323059082031,0.22600969672203064
1742766412998267100,3.18926708984375,1.6023759841918945,0.22623571753501892,0.24838462471961975
1742766413012650800,3.203650634765625,-0.8661136627197266,0.2586917281150818,-0.5841238498687744
1742766413027034000,3.2180341796875,-1.920654296875,0.0910165011882782,0.008288979530334473
1742766413041417700,3.232417724609375,-0.2767677307128906,-0.11926452815532684,0.317724347114563
1742766413055801000,3.246801025390625,0.866429328918457,0.2695583403110504,-0.05463361740112305
1742766413070184700,3.261184814453125,1.0385808944702148,0.285593718290329,-0.5713004469871521
1742766413084568000,3.275568115234375,1.0784759521484375,0.37023285031318665,-0.21100077033042908
1742766413098951700,3.28995166015625,-0.04973888397216797,-0.2943713665008545,-0.3879847824573517
1742766413113335000,3.3043349609375,-1.2771320343017578,0.19363898038864136,0.03753775358200073
1742766413127718700,3.31871875,-0.20192337036132812,0.23338773846626282,-0.34419047832489014
1742766413142102300,3.333102294921875,0.8610639572143555,0.09298911690711975,-0.31138548254966736
1742766413156485600,3.347485595703125,0.1504955291748047,-0.7849950194358826,0.35129788517951965
1742766413170869200,3.361869140625,-1.4628114700317383,0.28865212202072144,-0.13305413722991943
1742766413185252600,3.376252685546875,0.4363250732421875,-0.06371638178825378,-0.33275285363197327
1742766413199636200,3.39063623046875,0.9516763687133789,-0.2957450747489929,-0.39654627442359924
1742766413214019600,3.40501953125,-1.444016456604004,-0.31723496317863464,-0.32967087626457214
1742766413228403200,3.4194033203125,-1.4745454788208008,0.2378796935081482,-0.3349428176879883
1742766413242786600,3.43378662109375,1.6006898880004883,0.1302834153175354,-0.16071739792823792
1742766413257170200,3.448170166015625,0.11989593505859375,-0.4464482367038727,0.03661486506462097
1742766413271553800,3.4625537109375,0.9556646347045898,0.1727580726146698,-0.10078197717666626
1742766413285937200,3.476937255859375,0.23601245880126953,-0.15069514513015747,-0.428310364484787
1742766413300320800,3.49132080078125,0.3492116928100586,0.00885722041130066,-0.01707884669303894
1742766413314704100,3.5057041015625,-0.8525600433349609,-0.25889450311660767,0.153112530708313
1742766413329087700,3.520087646484375,-1.454080581665039,-0.028370916843414307,0.21741755306720734
1742766413343471000,3.53447119140625,1.0081520080566406,0.2164449393749237,-0.6476345658302307
1742766413357854700,3.548854736328125,-0.2420663833618164,0.0018777847290039062,-0.01747623085975647
1742766413372238000,3.563238037109375,1.5224246978759766,-0.4662787616252899,0.24722065031528473
1742766413386621700,3.57762158203125,-0.08514881134033203,0.5262113809585571,-0.08384540677070618
1742766413401005000,3.592005126953125,-1.1459245681762695,0.04720097780227661,-0.4510532319545746
1742766413415388700,3.606388671875,0.3669309616088867,0.38221389055252075,-0.052889227867126465
1742766413429772300,3.620772216796875,-0.29653072357177734,-0.24530327320098877,0.3562987744808197
1742766413444155600,3.63515576171875,1.0762395858764648,0.36687853932380676,-0.39905282855033875
1742766413458539300,3.649539306640625,-0.4471435546875,0.574705183506012,-0.26918020844459534
1742766413472922600,3.663922607421875,1.2114086151123047,0.32343727350234985,0.0585002601146698
1742766413487306200,3.67830615234375,-0.35167884826660156,-0.22521883249282837,0.383633017539978
1742766413501689600,3.692689697265625,0.2917642593383789,0.048587679862976074,-0.2463264763355255
1742766413516073200,3.7070732421875,-0.3158578872680664,0.6107596158981323,-0.31721341609954834
1742766413530456600,3.72145654296875,-0.11620330810546875,-0.057088226079940796,-0.3195926547050476
1742766413544840200,3.735840087890625,-0.4174060821533203,-0.5281410217285156,0.3349856734275818
1742766413559223800,3.750223876953125,-0.3299999237060547,0.3701237440109253,-0.39257344603538513
1742766413573607200,3.764607177734375,1.2070503234863281,0.09634384512901306,0.2443305104970932
1742766413587990800,3.77899072265625,1.4156084060668945,-0.33290591835975647,0.04571738839149475
1742766413602374100,3.7933740234375,-1.855048656463623,0.0664777159690857,-0.17277753353118896
1742766413616757800,3.8077578125,0.8716211318969727,0.2826947271823883,-0.5018382668495178
1742766413631141000,3.82214111328125,-0.8242368698120117,0.06245175004005432,0.10353775322437286
1742766413645524700,3.836524658203125,0.5314369201660156,-0.11813299357891083,-0.07747772336006165
1742766413659908400,3.850908447265625,0.31743717193603516,-0.27111679315567017,-0.1967778503894806
1742766413674291700,3.865291748046875,1.0066919326782227,0.20501303672790527,-0.7939972877502441
1742766413688675300,3.87967529296875,-1.895275592803955,-0.35720258951187134,-0.23943564295768738
1742766413703058700,3.89405859375,0.0032167434692382812,-0.22252273559570312,0.18437163531780243
1742766413717442300,3.9084423828125,-1.4491939544677734,-0.4202999770641327,0.19198310375213623
1742766413731825700,3.92282568359375,-0.6832456588745117,0.49526283144950867,-0.22206580638885498
1742766413746209300,3.937209228515625,0.2197856903076172,-0.05800458788871765,0.15291155874729156
1742766413760592600,3.951592529296875,0.025606155395507812,-0.2490902841091156,0.28383421897888184
1742766413774976300,3.965976318359375,-0.6533498764038086,0.21658802032470703,-0.04483151435852051
1742766413789359900,3.98035986328125,-0.010448455810546875,0.5788122415542603,-0.09346511960029602
1742766413803743200,3.9947431640625,-0.7346982955932617,0.21075698733329773,0.07637462019920349
1742766413818126800,4.009126953125,-1.2788734436035156,-0.17161549627780914,0.5995384454727173
1742766413832510200,4.02351025390625,-0.7305908203125,0.45040908455848694,-0.09537583589553833
1742766413846893800,4.037893798828125,0.572789192199707,0.4735586941242218,0.1650155931711197
1742766413861277200,4.052277099609375,1.430516242980957,-0.31572216749191284,0.3606112599372864
1742766413875660800,4.066660888671875,-0.010634422302246094,0.3919006288051605,-0.07101401686668396
1742766413890044200,4.081044189453125,-1.0804882049560547,0.06384241580963135,-0.38444003462791443
1742766413904427800,4.095427734375,1.0335149765014648,0.22614628076553345,0.38452965021133423
1742766413918811400,4.109811279296875,0.7596378326416016,-0.14239516854286194,-0.10371902585029602
1742766413933194800,4.12419482421875,-0.04098701477050781,0.11517095565795898,0.4373723864555359
1742766413947578400,4.138578369140625,2.133453369140625,-0.027484357357025146,-0.3554939925670624
1742766413961961700,4.152961669921875,-0.6655340194702148,0.026311904191970825,0.09750916063785553
1742766413976345300,4.167345458984375,0.49185657501220703,-0.39593517780303955,0.2508651614189148
1742766413990728700,4.181728759765625,0.31456756591796875,-0.2200593799352646,0.11634792387485504
1742766414005112300,4.1961123046875,1.1982002258300781,0.22121688723564148,-0.18039065599441528
1742766414019495700,4.21049560546875,-0.9601030349731445,-0.007563531398773193,0.29751044511795044
1742766414033879300,4.22487939453125,-0.1599292755126953,0.01345023512840271,-0.07834222912788391
1742766414048262700,4.2392626953125,-1.4345779418945312,-0.23415623605251312,-0.12116119265556335
1742766414062646300,4.253646240234375,-0.28240203857421875,0.4098166823387146,0.010955780744552612
1742766414077030000,4.26802978515625,0.2733287811279297,-0.16985736787319183,0.213888019323349
1742766414091413200,4.282413330078125,-0.14777565002441406,-0.4462530314922333,0.1322951465845108
1742766414105796900,4.296796875,-2.016380786895752,-0.2783684730529785,-0.2453431487083435
1742766414120180200,4.31118017578125,-0.36382389068603516,0.43061086535453796,0.1930861920118332
1742766414134563800,4.325563720703125,0.41454219818115234,-0.15997999906539917,0.32146215438842773
1742766414148947200,4.339947265625,0.4021921157836914,-0.3397236168384552,0.4216196537017822
1742766414163330800,4.354330810546875,-1.9737954139709473,0.6124654412269592,-0.021104037761688232
1742766414177714200,4.368714111328125,-0.6431055068969727,0.5682964324951172,0.20172245800495148
1742766414192097800,4.383097900390625,-0.7702417373657227,-0.03959852457046509,0.16838155686855316
1742766414206481200,4.397481201171875,1.070755958557129,0.08419427275657654,-0.02183765172958374
1742766414220864800,4.41186474609375,0.45795154571533203,0.42307138442993164,-0.5586026906967163
1742766414235248400,4.426248291015625,0.6303939819335938,0.4758577048778534,0.06398120522499084
1742766414249631700,4.4406318359375,-0.18489551544189453,-0.29098618030548096,0.6184308528900146
1742766414264015400,4.455015380859375,1.294234275817871,0.2283582091331482,0.4177149534225464
1742766414278398700,4.469398681640625,2.169584274291992,-0.07134345173835754,-0.47334450483322144
1742766414292782300,4.4837822265625,1.590897560119629,0.2729063332080841,0.19309738278388977
1742766414307165700,4.498165771484375,-1.4522027969360352,0.2852421998977661,0.13630186021327972
1742766414321549300,4.51254931640625,0.48336315155029297,-0.32408156991004944,-0.02922213077545166
1742766414335932700,4.5269326171875,1.7316303253173828,0.11812394857406616,-0.36950528621673584
1742766414350316300,4.54131640625,0.6584644317626953,0.10492831468582153,0.1042575091123581
1742766414364700000,4.555699951171875,-0.06073760986328125,-0.06826797127723694,0.4411659836769104
1742766414379083300,4.570083251953125,0.025346755981445312,-0.28150784969329834,-0.10868954658508301
1742766414393467000,4.584466796875,-1.1625032424926758,-0.1535322517156601,-0.26712343096733093
1742766414407850200,4.598850341796875,-0.0777435302734375,0.15156954526901245,0.4581979811191559
1742766414422233900,4.61323388671875,-0.31304359436035156,-0.4659862518310547,-0.024754971265792847
1742766414436617200,4.6276171875,-0.40276432037353516,0.2228706181049347,-0.34834176301956177
1742766414451000800,4.642000732421875,-1.433919906616211,0.353007048368454,0.5223852396011353
1742766414465384200,4.65638427734375,0.8070516586303711,0.28457510471343994,0.06723198294639587
1742766414479767800,4.670767822265625,-0.7500696182250977,-0.16144801676273346,0.24445891380310059
1742766414494151400,4.6851513671875,0.2680654525756836,0.0732661783695221,-0.4077223837375641
1742766414508534800,4.69953466796875,-0.2744007110595703,0.5625870823860168,-0.22552821040153503
1742766414522918400,4.71391845703125,-1.5292625427246094,-0.5250567197799683,0.444257915019989
1742766414537301800,4.7283017578125,-0.7501316070556641,-0.1473645120859146,0.33086249232292175
1742766414551685400,4.742685302734375,0.2018604278564453,-0.010584831237792969,-0.24004390835762024
1742766414566068700,4.75706884765625,-0.579951286315918,0.06389674544334412,-0.19783470034599304
1742766414580452400,4.771452392578125,-0.40572452545166016,-0.06930896639823914,0.15249010920524597
1742766414594835700,4.785835693359375,-0.6074390411376953,0.1624835729598999,0.3988463580608368
1742766414609219300,4.80021923828125,1.0089969635009766,0.8281881809234619,-0.7754325866699219
1742766414623602700,4.814602783203125,0.3599233627319336,0.013594955205917358,-0.047533899545669556
1742766414637986300,4.828986328125,1.5147438049316406,-0.17667417228221893,0.2176760584115982
1742766414652370000,4.843369873046875,0.1399393081665039,0.39176294207572937,-0.10973653197288513
1742766414666753300,4.857753173828125,-0.33678531646728516,-0.016630321741104126,0.08835582435131073
1742766414681137000,4.872136962890625,0.8806438446044922,-0.06646502017974854,-0.1110929548740387
1742766414695520300,4.886520263671875,0.02237701416015625,-0.21619156002998352,0.47892051935195923
1742766414709904000,4.90090380859375,0.580296516418457,-0.1849857121706009,-0.257346510887146
1742766414724287200,4.915287353515625,0.25217151641845703,0.4355947971343994,-0.029226213693618774
1742766414738670800,4.9296708984375,0.1137094497680664,-0.2210605889558792,0.05005183815956116
1742766414753054200,4.94405419921875,1.0241165161132812,-0.20101918280124664,-0.14362499117851257
1742766414767437800,4.958437744140625,-0.8557748794555664,0.12217515707015991,-0.5933911800384521
1742766414781821400,4.972821533203125,0.4739532470703125,0.5552376508712769,-0.03804808855056763
1742766414796204800,4.987204833984375,1.114999771118164,-0.1476837396621704,-0.10453590750694275
1742766414810588400,5.00158837890625,0.42392730712890625,-0.07207915186882019,0.21411633491516113
1742766414824971800,5.0159716796875,-1.6094903945922852,0.22252699732780457,-0.8036035299301147
1742766414839355400,5.03035546875,0.8310546875,0.16823810338974,0.3021567165851593
1742766414853738800,5.04473876953125,-0.047573089599609375,-0.32727882266044617,0.1070360392332077
1742766414868122400,5.059122314453125,-0.5279293060302734,-0.20553311705589294,0.14688287675380707
1742766414882505700,5.073505615234375,0.5336208343505859,0.35262051224708557,-0.5107863545417786
1742766414896889300,5.087889404296875,-1.1930866241455078,-0.10151281952857971,0.23241855204105377
1742766414911273000,5.10227294921875,-0.4326486587524414,-0.18719732761383057,0.033091217279434204
1742766414925656300,5.11665625,-1.6965112686157227,0.1347702145576477,0.48606643080711365
1742766414940040000,5.1310400390625,1.1566858291625977,0.1628665030002594,-0.4793205261230469
1742766414954423300,5.14542333984375,-0.6036167144775391,0.10782113671302795,0.1428874284029007
1742766414968807000,5.159806884765625,-0.42118167877197266,-0.13120485842227936,0.5838837623596191
1742766414983190300,5.174190185546875,-0.14052200317382812,0.022905558347702026,-0.2580249607563019
1742766414997574000,5.188573974609375,-0.027391433715820312,0.38913318514823914,-0.04623895883560181
1742766415011957200,5.202957275390625,0.22098541259765625,0.04969093203544617,0.21189063787460327
1742766415026340900,5.2173408203125,-1.6401567459106445,-0.024115264415740967,-0.02354094386100769
1742766415040724200,5.23172412109375,-1.0365514755249023,-0.004441112279891968,-0.3443279564380646
1742766415055107800,5.24610791015625,0.6291685104370117,0.404401034116745,0.20827846229076385
1742766415069491200,5.2604912109375,1.6687860488891602,0.005467832088470459,0.34791651368141174
1742766415083874800,5.274874755859375,0.7347240447998047,-0.016425609588623047,-0.0273934006690979
1742766415098258200,5.289258056640625,-1.3966655731201172,0.06992337107658386,-0.06143003702163696
1742766415112641800,5.303641845703125,1.1485776901245117,0.6554520130157471,0.19919022917747498
1742766415127025400,5.318025390625,0.2998380661010742,-0.5408902764320374,0.23044565320014954
1742766415141408800,5.33240869140625,2.770547866821289,-0.17686596512794495,0.1455761343240738
1742766415155792400,5.34679248046875,-1.6282062530517578,-0.01166999340057373,-0.44951003789901733
1742766415170175700,5.36117578125,0.6080245971679688,0.3595886528491974,-0.1231333315372467
1742766415184559400,5.375559326171875,-0.08053779602050781,0.007038742303848267,-0.19719341397285461
1742766415198942700,5.389942626953125,0.33533287048339844,-0.09379124641418457,-0.23360562324523926
1742766415213326300,5.404326416015625,1.072129249572754,0.40383613109588623,-0.7677400708198547
1742766415227709700,5.418709716796875,-0.399078369140625,0.21268761157989502,-0.11518660187721252
1742766415242093300,5.43309326171875,-1.0354623794555664,-0.4958304762840271,0.06387698650360107
1742766415256476700,5.4474765625,-0.12043571472167969,-0.06061795353889465,0.15660709142684937
1742766415270860300,5.4618603515625,-0.8958053588867188,-0.36666345596313477,-0.12067562341690063
1742766415285244000,5.476243896484375,-0.5034341812133789,0.09735748171806335,0.23650908470153809
1742766415299627300,5.490627197265625,-2.1726837158203125,-0.1666358858346939,0.24364881217479706
1742766415314011000,5.505010986328125,0.2633247375488281,0.09285163879394531,-0.07839405536651611
1742766415328394200,5.519394287109375,-0.6600751876831055,0.3959437608718872,0.15602295100688934
1742766415342777900,5.53377783203125,-0.7509660720825195,0.39060282707214355,0.11312271654605865
1742766415357161200,5.5481611328125,-0.3694591522216797,-0.045957863330841064,0.48548951745033264
1742766415371544800,5.562544921875,-0.9823007583618164,0.09515911340713501,-0.008173644542694092
1742766415385928200,5.57692822265625,-1.9511961936950684,0.8068014979362488,0.29499757289886475
1742766415400311800,5.591311767578125,0.633270263671875,0.2638000547885895,-0.04582527279853821
1742766415414695200,5.605695068359375,0.44977283477783203,-0.04919371008872986,0.18188275396823883
1742766415429078800,5.620078857421875,-1.5231285095214844,0.437547504901886,-0.29142293334007263
1742766415443462400,5.63446240234375,-0.03622150421142578,0.5698639154434204,0.1699567586183548
1742766415457845800,5.648845703125,1.222529411315918,-0.32628512382507324,0.06389844417572021
1742766415472229400,5.6632294921875,1.4798698425292969,0.02252599596977234,0.0515177845954895
1742766415486612700,5.67761279296875,0.4277658462524414,0.19295185804367065,-0.859717607498169
1742766415500996400,5.691996337890625,0.9282121658325195,0.2604597806930542,-0.2744736969470978
1742766415515379700,5.706379638671875,-0.028891563415527344,-0.2491195648908615,0.40021181106567383
1742766415529763300,5.720763427734375,1.2216081619262695,-0.2372293472290039,0.22998271882534027
1742766415544146700,5.735146728515625,1.9899187088012695,0.015504986047744751,-0.6574670672416687
1742766415558530300,5.7495302734375,0.9264106750488281,-0.4103042185306549,-0.20664983987808228
1742766415572913700,5.76391357421875,-0.3064451217651367,0.14665037393569946,-0.19097548723220825
1742766415587297300,5.77829736328125,-1.111710548400879,-0.2677651047706604,-0.06514814496040344
1742766415601681000,5.792680908203125,1.6859960556030273,0.4172077476978302,-0.7955536842346191
1742766415616064300,5.807064208984375,0.19854164123535156,-0.014827221632003784,-0.5696896314620972
1742766415630447900,5.82144775390625,-1.2334251403808594,-0.2849358022212982,-0.4964623749256134
1742766415644831200,5.835831298828125,1.0646400451660156,0.318360298871994,-0.5727075338363647
1742766415659214800,5.85021484375,-1.2943792343139648,0.24046769738197327,-0.02836737036705017
1742766415673598200,5.86459814453125,0.2067279815673828,-0.07082170248031616,0.2539246678352356
1742766415687981800,5.87898193359375,0.2569847106933594,-0.06418058276176453,0.4868404269218445
1742766415702365200,5.893365234375,-0.6936531066894531,0.2803522050380707,-0.38071590662002563
1742766415716748800,5.907748779296875,-2.048509120941162,0.6270143985748291,-0.10715743899345398
1742766415731132200,5.922132080078125,-0.20163631439208984,0.2541031241416931,0.03034338355064392
1742766415745515800,5.936515869140625,-1.867631435394287,-0.06451410055160522,0.32997429370880127
1742766415759899100,5.950899169921875,-0.9162006378173828,0.47817814350128174,-0.681402862071991
1742766415774282800,5.96528271484375,0.7073602676391602,0.3885401487350464,0.08370658755302429
1742766415788666400,5.979666259765625,0.09421253204345703,-0.04471752047538757,-0.14701172709465027
1742766415803049700,5.9940498046875,-0.37897205352783203,0.25907284021377563,0.24656397104263306
1742766415817433300,6.008433349609375,1.1057367324829102,0.7177571058273315,-0.9858790636062622
1742766415831816700,6.022816650390625,1.517873764038086,-0.0597686767578125,0.40968382358551025
1742766415846200300,6.037200439453125,0.6120977401733398,0.1540662944316864,-0.13684198260307312
1742766415860583700,6.051583740234375,-1.828000545501709,0.24733096361160278,0.17123709619045258
1742766415874967300,6.06596728515625,1.996476173400879,0.40894296765327454,-0.6502725481987
1742766415889350700,6.0803505859375,-0.46871089935302734,-0.4269259572029114,-0.30234450101852417
1742766415903734300,6.094734375,-0.1238870620727539,-0.17435286939144135,-0.22625282406806946
1742766415918117600,6.10911767578125,-0.6042213439941406,-0.10392659902572632,-0.4770691394805908
1742766415932501200,6.123501220703125,1.4897890090942383,0.13420554995536804,-0.3309956192970276
1742766415946884900,6.137884765625,0.7216043472290039,-0.1216733455657959,0.16687782108783722
1742766415961268200,6.152268310546875,-0.1782369613647461,-0.027547836303710938,-0.17697539925575256
1742766415975651800,6.16665185546875,0.37448978424072266,-0.4010501503944397,-0.4908134341239929
1742766415990035200,6.18103515625,0.8319454193115234,0.8829814195632935,-0.20711949467658997
1742766416004418800,6.195418701171875,-1.3289079666137695,0.4373813569545746,-0.36577504873275757
1742766416018802200,6.20980224609375,0.13239288330078125,-0.35749027132987976,-0.2394295632839203
1742766416033185800,6.224185791015625,-0.9829139709472656,-0.08876606822013855,-0.8967170715332031
1742766416047569200,6.238569091796875,-0.17098140716552734,0.21094974875450134,-0.05546152591705322
1742766416061952800,6.252952880859375,0.3580904006958008,-0.16660363972187042,-0.023945242166519165
1742766416076336000,6.267336181640625,0.3415088653564453,-0.40568608045578003,0.1855040341615677
1742766416090719700,6.2817197265625,-0.2943992614746094,0.4769095778465271,-0.4934266209602356
1742766416105103000,6.29610302734375,-0.4176168441772461,0.38668081164360046,0.32772117853164673
1742766416119486700,6.31048681640625,0.033074378967285156,-0.04076644778251648,0.18608644604682922
1742766416133870300,6.324870361328125,-0.42871665954589844,0.3169504404067993,0.25664347410202026
1742766416148253700,6.339253662109375,-0.4653892517089844,0.7653837203979492,-0.5053113102912903
1742766416162637300,6.35363720703125,1.1617927551269531,-0.049619972705841064,0.04738253355026245
1742766416177020700,6.368020751953125,-0.2989692687988281,-0.1436115801334381,0.07301217317581177
1742766416191404300,6.382404296875,-0.16549205780029297,0.14523136615753174,0.011500835418701172
1742766416205787600,6.39678759765625,0.2281484603881836,0.8901934623718262,-0.5787481069564819
1742766416220171300,6.411171142578125,-0.10072803497314453,-0.05175977945327759,0.2811340391635895
1742766416234554600,6.4255546875,-0.4757404327392578,0.23846766352653503,0.03331708908081055
1742766416248938200,6.439938232421875,0.6829357147216797,0.13731765747070312,0.07171240448951721
1742766416263321600,6.454321533203125,1.012833595275879,-0.015536516904830933,-0.08397245407104492
1742766416277705200,6.468705322265625,0.30040740966796875,0.6923618912696838,0.19247084856033325
1742766416292088800,6.4830888671875,-0.6913814544677734,-0.7840394973754883,0.2319120317697525
1742766416306472200,6.49747216796875,1.4022598266601562,-0.11996668577194214,-0.18098756670951843
1742766416320855800,6.511855712890625,0.39060306549072266,0.5408947467803955,-0.1602623164653778
1742766416335239200,6.5262392578125,0.7027902603149414,0.06726944446563721,-0.4320219159126282
1742766416349622800,6.540622802734375,0.18175125122070312,-0.010043025016784668,-0.039519697427749634
1742766416364006100,6.555006103515625,-1.6850652694702148,-0.007612496614456177,-0.18302538990974426
1742766416378389800,6.5693896484375,0.6683549880981445,0.3722679615020752,0.1444428414106369
1742766416392773000,6.583773193359375,1.4567623138427734,0.15458035469055176,-0.07012462615966797
1742766416407156700,6.59815673828125,-0.008158683776855469,-0.3568822145462036,-0.05051589012145996
1742766416421540000,6.6125400390625,-1.7230758666992188,0.3717929720878601,-0.5929031372070312
1742766416435923700,6.626923828125,-1.5146360397338867,0.3983021378517151,0.08572781085968018
1742766416450307000,6.64130712890625,-1.0923585891723633,-0.44881051778793335,0.20654447376728058
1742766416464690700,6.655690673828125,1.6174163818359375,-0.43736499547958374,0.2795408368110657
1742766416479074000,6.670073974609375,-1.120962142944336,0.3392474949359894,-0.58319091796875
1742766416493457700,6.684457763671875,-0.05854034423828125,0.09619888663291931,0.2392011135816574
1742766416507841300,6.69884130859375,-0.9519414901733398,-0.5518399477005005,0.39397406578063965
1742766416522224600,6.713224609375,-2.316399097442627,0.5546229481697083,0.1942082643508911
1742766416536608300,6.727608154296875,0.11997127532958984,1.0033987760543823,0.10406661033630371
1742766416550991600,6.74199169921875,-0.7400093078613281,0.7869833707809448,0.00857478380203247
1742766416565375200,6.756375244140625,-0.8753805160522461,0.056056052446365356,-0.1530524492263794
1742766416579758600,6.770758544921875,2.1033544540405273,0.2217060923576355,-0.0631372332572937
1742766416594142200,6.78514208984375,1.1866607666015625,0.3297885060310364,-0.4505268335342407
1742766416608525600,6.799525634765625,-0.7960481643676758,0.2363027036190033,0.42093145847320557
1742766416622909200,6.8139091796875,-1.9878687858581543,-0.13762962818145752,0.05410712957382202
1742766416637292500,6.82829248046875,0.7481956481933594,-0.9589165449142456,-0.5114186406135559
1742766416651676200,6.84267626953125,2.0572967529296875,0.4632962942123413,0.4400337338447571
1742766416666059500,6.8570595703125,0.5613737106323242,-0.08973601460456848,-0.04028359055519104
1742766416680443100,6.871443115234375,1.6471385955810547,-0.33665183186531067,-0.10271966457366943
1742766416694826800,6.88582666015625,2.236499786376953,0.7066072225570679,-0.3508361876010895
1742766416709210000,6.900210205078125,-0.8828582763671875,0.4960550367832184,-0.11786520481109619
1742766416723593700,6.91459375,2.391416549682617,-0.22560304403305054,-0.08613806962966919
1742766416737977000,6.92897705078125,-0.298004150390625,0.48381656408309937,0.012845665216445923
1742766416752360700,6.943360595703125,-0.20779991149902344,0.5055956840515137,-0.5661516189575195
1742766416766744000,6.957744140625,0.914546012878418,-0.16834032535552979,-0.18142169713974
1742766416781127700,6.972127685546875,-2.4499831199645996,-0.0990835428237915,-0.16334813833236694
1742766416795511000,6.986510986328125,-2.5931849479675293,-0.5790660381317139,-0.014668673276901245
1742766416809894700,7.000894775390625,-0.5865802764892578,0.78346848487854,0.025657355785369873
1742766416824278000,7.015278076171875,0.09839725494384766,-0.010639876127243042,0.6901443004608154
1742766416838661600,7.02966162109375,-1.616896629333496,0.15135008096694946,0.07236605882644653
1742766416853045000,7.044044921875,-1.4397144317626953,-0.04573321342468262,0.014993727207183838
1742766416867428600,7.0584287109375,-0.13392925262451172,0.8060215711593628,-0.14476820826530457
1742766416881812200,7.072812255859375,-0.6172828674316406,0.338267982006073,0.20988954603672028
1742766416896195600,7.087195556640625,1.2440767288208008,0.17682963609695435,0.4658548831939697
1742766416910579200,7.1015791015625,-0.7966079711914062,0.4750574827194214,-0.6339279413223267
1742766416924962600,7.115962646484375,-1.0138521194458008,0.42098209261894226,0.07309296727180481
1742766416939346200,7.13034619140625,0.8750371932983398,0.37907934188842773,-0.01967942714691162
1742766416953729500,7.1447294921875,1.2050933837890625,0.019586652517318726,0.40561288595199585
1742766416968113200,7.159113037109375,1.1685781478881836,0.05566111207008362,-0.49252939224243164
1742766416982496500,7.17349658203125,0.8667964935302734,0.2602141499519348,0.08146092295646667
1742766416996880100,7.187880126953125,0.2721834182739258,-0.0982765257358551,0.08580750226974487
1742766417011263500,7.202263427734375,-0.6061105728149414,0.007019132375717163,0.2883979380130768
1742766417025647000,7.216647216796875,0.9833555221557617,0.5410640239715576,-0.48407039046287537
1742766417040030500,7.231030517578125,1.415919303894043,0.018099337816238403,0.019673138856887817
1742766417054414000,7.2454140625,-0.1970195770263672,-0.13487374782562256,-0.23396232724189758
1742766417068797400,7.25979736328125,-0.07950401306152344,-0.3559582829475403,-0.006449699401855469
1742766417083181000,7.27418115234375,-0.09078502655029297,0.8365077376365662,-0.4794914722442627
1742766417097564700,7.288564697265625,1.3010873794555664,-0.1682003140449524,0.11484363675117493
1742766417111948000,7.302947998046875,0.19621753692626953,-0.3376241624355316,-0.12073379755020142
1742766417126331600,7.31733154296875,-3.0291242599487305,0.08267498016357422,-0.5186605453491211
1742766417140715000,7.331715087890625,-2.593291759490967,0.7236906290054321,-0.22708091139793396
1742766417155098600,7.3460986328125,-0.07443523406982422,-0.36302387714385986,0.11722421646118164
1742766417169482000,7.36048193359375,0.8071813583374023,0.08116114139556885,0.263491153717041
1742766417183865600,7.374865478515625,-2.3742027282714844,0.20952162146568298,-0.18041649460792542
1742766417198249000,7.3892490234375,0.6571273803710938,0.6345545649528503,-0.258933424949646
1742766417212632600,7.403632568359375,-1.8463034629821777,-0.22455190122127533,0.31862518191337585
1742766417227016000,7.418015869140625,-0.2917337417602539,0.03670269250869751,0.7128353118896484
1742766417241399600,7.432399658203125,1.355133056640625,0.10209786891937256,-0.5834764242172241
1742766417255783000,7.446782958984375,0.5836992263793945,0.15662989020347595,0.30346357822418213
1742766417270166500,7.46116650390625,0.5693855285644531,0.32730633020401,0.14759056270122528
1742766417284550000,7.4755498046875,-0.2797966003417969,0.4220644533634186,-0.1708255410194397
1742766417298933500,7.48993359375,0.31551265716552734,0.5120118856430054,-0.7843202352523804
1742766417313316900,7.50431689453125,1.1108217239379883,0.391469806432724,0.11089646816253662
1742766417327700500,7.518700439453125,0.38941192626953125,0.17542091012001038,-0.43540647625923157
1742766417342084000,7.533083984375,0.5800237655639648,-0.14629322290420532,-0.34758293628692627
1742766417356467500,7.547467529296875,0.6796855926513672,0.3765316307544708,-0.10466715693473816
1742766417370851000,7.56185107421875,1.578409194946289,-0.06202772259712219,-0.09029433131217957
1742766417385234400,7.576234375,-1.7766046524047852,-0.23988808691501617,-0.07253572344779968
1742766417399618000,7.5906181640625,0.8268346786499023,-0.5633299946784973,-0.05263736844062805
1742766417414001400,7.60500146484375,1.418593406677246,0.9264587163925171,-0.07860979437828064
1742766417428385000,7.619385009765625,0.28023719787597656,0.10484838485717773,0.2923579812049866
1742766417442768400,7.633768310546875,0.7770395278930664,0.04465338587760925,0.08915147185325623
1742766417457152000,7.648152099609375,-0.46844959259033203,0.18030479550361633,-0.7923003435134888
1742766417471535400,7.662535400390625,-0.660736083984375,0.4942091405391693,0.1411133110523224
1742766417485919000,7.6769189453125,-0.07953071594238281,0.15371105074882507,0.18427123129367828
1742766417500302300,7.69130224609375,0.7718353271484375,-0.9322131872177124,0.22606338560581207
1742766417514686000,7.70568603515625,0.4622049331665039,0.1400115191936493,0.09560659527778625
1742766417529069300,7.7200693359375,-2.2510108947753906,0.4404897391796112,0.34602630138397217
1742766417543453000,7.734452880859375,-1.6964263916015625,-0.06863841414451599,-0.3094008266925812
1742766417557836500,7.74883642578125,-1.5719337463378906,-0.04923522472381592,0.21589456498622894
1742766417572220000,7.763219970703125,-0.44721317291259766,0.6439825892448425,-0.6402720212936401
1742766417586603500,7.777603515625,0.6277313232421875,0.37008216977119446,0.2636825740337372
1742766417600987000,7.79198681640625,0.9520759582519531,0.29822012782096863,0.18062596023082733
1742766417615370500,7.80637060546875,-0.4425783157348633,0.4866497218608856,0.11024197936058044
1742766417629753900,7.82075390625,-0.7520256042480469,0.6701346039772034,-0.8503170013427734
1742766417644137500,7.835137451171875,0.3934164047241211,0.11371466517448425,0.4576939642429352
1742766417658520800,7.849520751953125,1.0208826065063477,-0.10596644878387451,0.3162437677383423
1742766417672904400,7.863904541015625,-0.2222309112548828,-0.36414244771003723,-0.1721571683883667
1742766417687287800,7.878287841796875,0.9228763580322266,0.5019950866699219,-0.030109822750091553
1742766417701671400,7.89267138671875,-0.6679182052612305,0.2875249683856964,-0.03824824094772339
1742766417716054800,7.9070546875,0.16882896423339844,-0.18122383952140808,-0.11154356598854065
1742766417730438400,7.9214384765625,-0.16695880889892578,0.047285646200180054,-0.3214574456214905
1742766417744821800,7.93582177734375,1.5170516967773438,0.7309020757675171,-0.01135176420211792
1742766417759205400,7.950205322265625,1.4982233047485352,-0.33691561222076416,-0.04805830121040344
1742766417773588700,7.964588623046875,0.45975303649902344,-0.4504549503326416,0.23737947642803192
1742766417787972400,7.978972412109375,-0.814976692199707,0.3236856162548065,-0.9588441848754883
1742766417802356000,7.99335595703125,-0.3910484313964844,0.18574324250221252,-0.05935207009315491
1742766417816739300,8.0077392578125,0.16625499725341797,-0.08768346905708313,0.5286943912506104
1742766417831123000,8.022123046875,-1.7816991806030273,0.0743657648563385,-0.3836533725261688
1742766417845506300,8.03650634765625,-0.45130443572998047,0.23931735754013062,-0.708696722984314
1742766417859890000,8.050889892578125,0.36975860595703125,-0.06716430187225342,-0.11883106827735901
1742766417874273300,8.065273193359374,-0.9469470977783203,-0.1422940492630005,-0.03316977620124817
1742766417888657000,8.079656982421875,-0.6856622695922852,-0.1430181860923767,0.3722490072250366
1742766417903040300,8.094040283203125,0.8075456619262695,0.8031256794929504,-0.5083471536636353
1742766417917423900,8.108423828125,-0.9040765762329102,0.6939772367477417,0.0076951682567596436
1742766417931807200,8.12280712890625,-0.5874414443969727,0.29393061995506287,0.3600388765335083
1742766417946190800,8.13719091796875,-0.25252723693847656,0.08596393465995789,-0.49542465806007385
1742766417960574200,8.15157421875,0.05463695526123047,1.079613208770752,-0.6683706045150757
1742766417974957800,8.165957763671875,-0.8315038681030273,0.07113319635391235,0.30054032802581787
1742766417989341200,8.180341064453126,1.1250591278076172,-0.0998641848564148,-0.18349120020866394
1742766418003724800,8.194724853515625,-0.4971160888671875,-0.2811538577079773,-0.3375139832496643
1742766418018108200,8.209108154296874,2.9169607162475586,0.18677780032157898,0.3399938941001892
1742766418032491800,8.22349169921875,1.301915168762207,0.1654665172100067,-0.20656433701515198
1742766418046875100,8.237875244140625,-0.37882328033447266,-0.3379446864128113,0.07673552632331848
1742766418061258800,8.2522587890625,0.10796260833740234,0.2130328118801117,-0.2307298481464386
1742766418075642400,8.266642333984375,0.3621807098388672,0.6073209047317505,0.000972747802734375
1742766418090025700,8.281025634765625,0.6518440246582031,-0.22722792625427246,-0.4200804531574249
1742766418104409300,8.295409423828126,-0.5670881271362305,-0.2658296227455139,-0.0827813446521759
1742766418118792700,8.309792724609375,-1.0904350280761719,0.2230534851551056,-0.6484788656234741
1742766418133176300,8.32417626953125,-1.0479393005371094,-0.11344441771507263,0.10336431860923767
1742766418147559700,8.3385595703125,-2.2306370735168457,-0.19228607416152954,-0.3180711269378662
1742766418161943300,8.352943359375,-0.806523323059082,-0.46203601360321045,0.38918405771255493
1742766418176326700,8.36732666015625,-0.6619014739990234,0.6691374182701111,-0.16224560141563416
1742766418190710300,8.381710205078125,-0.7295503616333008,0.1425289809703827,0.3506040573120117
1742766418205093600,8.39609375,0.11254501342773438,0.027322053909301758,0.23190192878246307
1742766418219477200,8.410477294921876,-1.7919182777404785,0.20703360438346863,-0.10043621063232422
1742766418233860600,8.424860595703125,-0.12409114837646484,0.6007959842681885,-0.19419023394584656
1742766418248244200,8.439244140625,-1.0407495498657227,0.09337344765663147,0.2481938600540161
1742766418262627600,8.453627685546875,0.32206058502197266,0.13644835352897644,0.0025003552436828613
1742766418277011200,8.46801123046875,0.6299428939819336,-0.18239906430244446,-0.5474308729171753
1742766418291394600,8.48239453125,2.034452438354492,0.4397919178009033,0.4218745231628418
1742766418305778200,8.496778076171875,0.6854524612426758,0.4382805824279785,-0.1203586757183075
1742766418320161500,8.51116162109375,1.2513370513916016,0.19310879707336426,-0.12292400002479553
1742766418334545200,8.525545166015625,0.5626392364501953,-0.1714593470096588,-0.4126848578453064
1742766418348928800,8.5399287109375,1.5425148010253906,0.2988719642162323,-0.06983885169029236
1742766418363312000,8.55431201171875,-0.19289779663085938,-0.06276148557662964,-0.17586681246757507
1742766418377695700,8.56869580078125,1.5424327850341797,-0.49924778938293457,0.32380443811416626
1742766418392079000,8.5830791015625,0.4367837905883789,0.3795507550239563,-0.7786110639572144
1742766418406462700,8.597462646484376,-1.0447797775268555,0.02840474247932434,-0.28067922592163086
1742766418420846000,8.61184619140625,-0.4893016815185547,-0.3016815185546875,0.1106758713722229
1742766418435229700,8.626229736328124,-1.5172052383422852,-0.1177191436290741,-0.20717546343803406
1742766418449613000,8.640613037109375,-0.6630172729492188,0.2015880048274994,-0.5989586710929871
1742766418463996700,8.65499658203125,1.3905324935913086,-0.0030920803546905518,0.20034228265285492
1742766418478380000,8.669380126953126,-0.7923221588134766,0.014780640602111816,0.372524231672287
1742766418492763600,8.683763671875,-1.0176572799682617,-0.004901409149169922,-0.21806550025939941
1742766418507147000,8.69814697265625,0.5544977188110352,0.5988335609436035,0.2190817892551422
1742766418521530600,8.712530517578125,-1.2000551223754883,0.2658315598964691,0.7637439966201782
1742766418535914000,8.7269140625,-0.3335733413696289,0.5393582582473755,0.2588677406311035
1742766418550297600,8.741297607421876,-1.1321640014648438,0.14756613969802856,-0.4663400650024414
1742766418564681000,8.755680908203125,0.4277181625366211,0.5936458706855774,0.2906625270843506
1742766418579064600,8.770064697265624,0.7411565780639648,0.24754518270492554,0.07705360651016235
1742766418593448000,8.784447998046875,1.8058662414550781,0.3713832497596741,0.14422345161437988
1742766418607831600,8.79883154296875,0.2768087387084961,-0.24892690777778625,-0.22650018334388733
1742766418622215200,8.813215087890624,0.8736486434936523,0.3781059980392456,-0.03305429220199585
1742766418636598500,8.8275986328125,-0.6088523864746094,-0.0640271008014679,0.3622509241104126
1742766418650982100,8.841982177734375,0.8237104415893555,-0.46926945447921753,0.46243637800216675
1742766418665365500,8.856365478515626,-0.40550994873046875,0.33330899477005005,-0.6885941028594971
1742766418679749000,8.8707490234375,0.7938003540039062,0.26874518394470215,0.0683889091014862
1742766418694132500,8.885132568359374,-0.8461427688598633,-0.2900773286819458,-0.23827359080314636
1742766418708516000,8.89951611328125,-0.6749973297119141,-0.5873291492462158,-0.33883997797966003
1742766418722899500,8.9138994140625,-0.32630348205566406,0.7740132212638855,-0.26429539918899536
1742766418737283000,8.928282958984376,-0.9581422805786133,0.10574489831924438,0.3288196325302124
1742766418751666400,8.94266650390625,-0.13295459747314453,-0.19645801186561584,0.34078025817871094
1742766418766050000,8.957050048828124,-0.9197931289672852,0.06152695417404175,-0.5058004856109619
1742766418780433400,8.971433349609375,-0.36943721771240234,0.1605122685432434,0.385549932718277
1742766418794817000,8.985817138671875,1.2261571884155273,-0.019107460975646973,0.8848258256912231
1742766418809200400,9.000200439453126,-1.5883054733276367,0.2895263433456421,0.34387513995170593
1742766418823584000,9.014583984375,-0.17406368255615234,-0.21809706091880798,-0.6060186624526978
1742766418837967400,9.02896728515625,0.7163524627685547,0.3131958842277527,0.15669631958007812
1742766418852351000,9.04335107421875,0.7675819396972656,0.6289238333702087,-0.040210455656051636
1742766418866734300,9.057734375,0.1747112274169922,-0.08272644877433777,0.27247926592826843
1742766418881118000,9.072117919921874,1.0800085067749023,0.3440060019493103,-0.3494645953178406
1742766418895501300,9.086501220703125,-0.6535491943359375,-0.13686099648475647,0.09451588988304138
1742766418909885000,9.100885009765625,-1.3112878799438477,0.17733311653137207,0.11808052659034729
1742766418924268300,9.115268310546876,0.6610784530639648,-0.2796006202697754,0.3863871693611145
1742766418938652000,9.12965185546875,2.169989585876465,0.18558192253112793,0.005894184112548828
1742766418953035500,9.144035400390624,0.6442651748657227,0.3634791374206543,-0.12740463018417358
1742766418967419000,9.1584189453125,-1.7231025695800781,0.12148851156234741,-0.5043710470199585
1742766418981802500,9.172802490234375,-0.02338123321533203,-0.149947851896286,-0.040266960859298706
1742766418996185900,9.187185791015626,0.487701416015625,0.4118373990058899,-0.06133982539176941
1742766419010569500,9.201569580078125,0.9832229614257812,-0.16370746493339539,0.08525350689888
1742766419024952800,9.215952880859374,0.6718864440917969,0.02258455753326416,-0.14069387316703796
1742766419039336400,9.23033642578125,-2.3998637199401855,-0.21137094497680664,-0.6388950347900391
1742766419053719800,9.2447197265625,0.8228998184204102,0.4291435480117798,0.2754764258861542
1742766419068103400,9.259103515625,0.41878795623779297,-0.48309326171875,0.7040189504623413
1742766419082486800,9.27348681640625,-0.3881263732910156,-0.14644017815589905,0.2109096646308899
1742766419096870400,9.287870361328125,-0.9864187240600586,-0.0168914794921875,-0.25884324312210083
1742766419111253800,9.302253662109376,0.21366500854492188,0.6610310673713684,0.4093834161758423
1742766419125637400,9.316637451171875,-1.9557709693908691,0.329955518245697,0.060236454010009766
1742766419140020700,9.331020751953124,1.1692752838134766,-0.13141220808029175,0.428424209356308
1742766419154404400,9.345404296875,0.07094669342041016,0.5111221671104431,-0.8065861463546753
1742766419168787700,9.35978759765625,0.28810596466064453,0.01034247875213623,0.5227691531181335
1742766419183171300,9.37417138671875,0.07286548614501953,-0.027972012758255005,0.4440902769565582
1742766419197554700,9.3885546875,0.5279455184936523,-0.664415180683136,0.02099284529685974
1742766419211938300,9.402938232421874,2.6115283966064453,-0.17215165495872498,-0.11792635917663574
1742766419226321700,9.41732177734375,1.7582511901855469,0.516875147819519,0.40316182374954224
1742766419240705300,9.431705322265625,-0.27214813232421875,0.1709127426147461,0.033181577920913696
1742766419255089000,9.4460888671875,2.4228029251098633,0.21926957368850708,-0.38917967677116394
1742766419269472300,9.46047216796875,0.34634971618652344,0.18547719717025757,0.2954787015914917
1742766419283856000,9.47485595703125,1.6611042022705078,0.23357266187667847,-0.21505415439605713
1742766419298239200,9.4892392578125,0.26171302795410156,-0.37915927171707153,-0.16750836372375488
1742766419312622800,9.503622802734375,-0.05981636047363281,-0.5784704089164734,-0.20491158962249756
1742766419327006200,9.518006103515624,-0.5764865875244141,0.17755931615829468,-0.19594335556030273
1742766419341389800,9.532389892578125,-2.579432487487793,-0.20823591947555542,0.28876084089279175
1742766419355773200,9.546773193359375,0.36852455139160156,-0.47257834672927856,1.0852863788604736
1742766419370156800,9.56115673828125,-1.7184219360351562,0.5433865189552307,0.04949316382408142
1742766419384540200,9.5755400390625,0.9477634429931641,0.1808096170425415,0.04317975044250488
1742766419398923800,9.589923828125,-0.08051300048828125,0.1980462670326233,-0.290979266166687
1742766419413307100,9.60430712890625,-0.7813167572021484,0.0921812653541565,0.5241149663925171
1742766419427690800,9.618690673828125,-1.0999755859375,0.45897549390792847,-0.6069562435150146
1742766419442074000,9.63307421875,2.2935667037963867,0.031830430030822754,0.2937425971031189
1742766419456457700,9.647457763671875,1.2134113311767578,-0.23128613829612732,0.3232848644256592
1742766419470841300,9.66184130859375,1.4591665267944336,0.414165198802948,-0.7176834344863892
1742766419485224700,9.676224609375,0.6775074005126953,0.10045093297958374,0.06301954388618469
1742766419499608300,9.6906083984375,1.4343748092651367,0.12462478876113892,0.043386220932006836
1742766419513991700,9.70499169921875,0.1240377426147461,0.26096463203430176,-0.7496091723442078
1742766419528375300,9.719375244140625,2.243893623352051,-0.09392789006233215,-0.4134420156478882
1742766419542758700,9.733758544921875,3.984355926513672,-0.13975092768669128,0.2734071910381317
1742766419557142300,9.748142333984376,1.3368558883666992,0.2068920135498047,-0.5115969777107239
1742766419571525600,9.762525634765625,0.1776580810546875,-0.2034338116645813,0.01647964119911194
1742766419585909200,9.7769091796875,-0.825291633605957,0.09449899196624756,-0.3904223144054413
1742766419600292600,9.791292724609375,-0.6633491516113281,0.17186766862869263,0.02235114574432373
1742766419614676200,9.80567626953125,-2.1617989540100098,-0.14512541890144348,0.3920603394508362
1742766419629059600,9.8200595703125,-0.6544885635375977,-0.36903083324432373,0.24596408009529114
1742766419643443200,9.834443115234375,-0.8983049392700195,0.5891228914260864,0.032669633626937866
1742766419657826600,9.84882666015625,-1.318094253540039,0.2575377821922302,0.18030111491680145
1742766419672210200,9.863210205078126,-1.4516563415527344,0.17415952682495117,0.31006330251693726
1742766419686593500,9.877593505859375,0.19260120391845703,-0.3353177309036255,-0.7221749424934387
1742766419700977200,9.89197705078125,-1.0379838943481445,0.8373416066169739,-0.2365475594997406
1742766419715360500,9.906360595703125,0.46240901947021484,0.4220762848854065,0.5924993753433228
1742766419729744100,9.920744140625,0.005207061767578125,-0.08108356595039368,0.0744812935590744
1742766419744127500,9.93512744140625,0.9997472763061523,0.07591480016708374,-0.5925003886222839
1742766419758511000,9.949510986328125,1.6998052597045898,0.2646086812019348,-0.02701053023338318
1742766419772894500,9.96389453125,1.1331539154052734,-0.2692556083202362,-0.20037120580673218
1742766419787278000,9.978278076171875,-0.6280879974365234,-0.4350757598876953,0.10875096917152405
1742766419801661400,9.992661376953125,-0.028464317321777344,0.27624034881591797,-0.5067731142044067
1742766419816045000,10.007045166015626,-0.22180461883544922,-0.18327471613883972,-0.339261919260025
1742766419830428400,10.021428466796875,0.42354583740234375,-0.054580628871917725,-0.3273303806781769
1742766419844812000,10.03581201171875,-0.6608171463012695,-0.34119880199432373,0.11462731659412384
1742766419859195400,10.0501953125,-0.9742927551269531,0.4132896661758423,-0.398322731256485
1742766419873579000,10.0645791015625,-1.1901330947875977,0.026943743228912354,-0.17635956406593323
1742766419887962600,10.078962646484374,-0.5325613021850586,-0.29042741656303406,0.12919074296951294
1742766419902346000,10.093345947265625,-0.6698799133300781,-0.8483377695083618,0.24617943167686462
1742766419916729600,10.1077294921875,0.013650894165039062,0.7169128060340881,-0.7239160537719727
1742766419931113000,10.122113037109376,-1.8017735481262207,0.06367188692092896,0.4759503901004791
1742766419945496600,10.13649658203125,0.64666748046875,0.24647516012191772,-0.11615093052387238
1742766419959880000,10.1508798828125,-0.7363967895507812,-0.14255264401435852,-0.5758046507835388
1742766419974263600,10.165263671875,0.9143209457397461,0.9404642581939697,0.01849454641342163
1742766419988647000,10.17964697265625,1.628830909729004,0.03753304481506348,-0.1817871630191803
1742766420003030500,10.194030517578126,0.6850957870483398,-0.20597687363624573,0.1459188312292099
1742766420017414000,10.208413818359375,-0.7450094223022461,-0.25562116503715515,-0.4656689763069153
1742766420031797500,10.222797607421874,2.203084945678711,0.29193681478500366,0.08298873901367188
1742766420046180900,10.237180908203126,-0.663029670715332,-0.30925413966178894,-0.024741724133491516
1742766420060564500,10.251564453125,0.6868877410888672,-0.39317846298217773,-0.2351614236831665
1742766420074947800,10.26594775390625,1.2698192596435547,0.3815687298774719,-0.4981968402862549
1742766420089331500,10.28033154296875,0.4029378890991211,0.1329154372215271,-0.11026990413665771
1742766420103714800,10.29471484375,-0.005585670471191406,0.008421897888183594,-0.4695090651512146
1742766420118098400,10.309098388671876,-0.6763286590576172,-0.21059975028038025,-0.2654450535774231
1742766420132481800,10.323481689453125,0.8881845474243164,0.41917741298675537,-0.35114336013793945
1742766420146865400,10.337865478515624,-0.020090103149414062,-0.15977302193641663,0.16507801413536072
1742766420161248800,10.352248779296875,-1.5691328048706055,0.12290412187576294,0.049780309200286865
1742766420175632400,10.36663232421875,-0.9832887649536133,-0.4186505079269409,-0.3037184476852417
1742766420190015700,10.381015625,-0.40202999114990234,0.49640125036239624,-0.05192705988883972
1742766420204399400,10.3953994140625,-1.7543554306030273,0.19094055891036987,-0.16049662232398987
1742766420218782700,10.40978271484375,0.060555458068847656,-0.3555290102958679,-0.2961885929107666
1742766420233166300,10.424166259765625,0.8268184661865234,-0.3013412654399872,-0.5738835334777832
1742766420247549700,10.4385498046875,-0.1737833023071289,0.8728384971618652,-0.19710436463356018
1742766420261933300,10.452933349609374,-0.6223831176757812,0.2857392430305481,-0.33805036544799805
1742766420276316700,10.467316650390625,2.363496780395508,-0.5943387746810913,-0.3299264907836914
1742766420290700300,10.4817001953125,0.5235013961791992,0.42788833379745483,-0.40889841318130493
1742766420305083600,10.496083740234376,0.3194112777709961,0.4820420742034912,0.44779738783836365
1742766420319467300,10.51046728515625,3.2009363174438477,-0.2687360644340515,-0.23991666734218597
1742766420333850600,10.5248505859375,-0.17717742919921875,-0.3501715660095215,-0.3861490488052368
1742766420348234200,10.539234130859375,-1.3691368103027344,0.3825893998146057,-0.4271237850189209
1742766420362617900,10.553617919921875,2.412417411804199,-0.04723125696182251,-0.2515915036201477
1742766420377001200,10.568001220703126,-0.3402090072631836,-0.09466180205345154,-0.23968131840229034
1742766420391384800,10.582384765625,-0.9202938079833984,-0.32573366165161133,-0.694578230381012
1742766420405768200,10.596768310546874,0.6433076858520508,0.18561971187591553,-0.16694140434265137
1742766420420151800,10.61115185546875,-1.7447681427001953,-0.08489006757736206,-0.04544714093208313
1742766420434535200,10.62553515625,-0.9746255874633789,-0.3756375312805176,-0.14150965213775635
1742766420448918800,10.639918701171876,-0.4555387496948242,-0.33471858501434326,-0.271013081073761
1742766420463302100,10.65430224609375,0.2543830871582031,0.4784594178199768,-0.1132594496011734
1742766420477685800,10.668685791015625,-3.2678561210632324,-0.16950690746307373,-0.24239633977413177
1742766420492069000,10.683069091796876,-0.8009042739868164,-0.06822887063026428,-0.001648932695388794
1742766420506452700,10.69745263671875,0.5938863754272461,0.5210908651351929,-0.21361707150936127
1742766420520836000,10.711836181640624,0.17379474639892578,0.6014754176139832,-0.03410378098487854
1742766420535219700,10.7262197265625,-0.26976490020751953,-0.24792340397834778,-0.6392213106155396
1742766420549603000,10.74060302734375,-0.5607404708862305,-0.13580891489982605,-0.21797087788581848
1742766420563986700,10.754986572265626,0.7619009017944336,0.29580289125442505,0.11353792250156403
1742766420578370000,10.7693701171875,1.6396675109863281,0.00678706169128418,0.16419120132923126
1742766420592753700,10.783753662109374,1.8237361907958984,-0.20657563209533691,-0.5737351775169373
1742766420607137000,10.798136962890625,0.0301361083984375,-0.7149280905723572,-0.38084957003593445
1742766420621520600,10.812520751953125,1.2448768615722656,0.5460465550422668,-0.2341492772102356
1742766420635904000,10.826904052734376,0.274505615234375,0.17532092332839966,-0.07009921967983246
1742766420650287600,10.84128759765625,0.3463001251220703,-0.27013468742370605,-0.1901327669620514
1742766420664671200,10.855671142578124,0.4793977737426758,-0.1943160891532898,-0.7003301978111267
1742766420679054600,10.8700546875,0.06322288513183594,0.4171352982521057,0.16219529509544373
1742766420693438200,10.884438232421875,-1.0514764785766602,0.05103260278701782,-0.06097277253866196
1742766420707821600,10.898821533203124,-1.671971321105957,-0.5797109007835388,0.09117633104324341
1742766420722205200,10.913205078125,-1.0846424102783203,0.16146624088287354,-0.640549898147583
1742766420736588500,10.927588623046875,-0.14609432220458984,0.2322375774383545,-0.25060153007507324
1742766420750972200,10.94197216796875,-0.677342414855957,-0.20599517226219177,0.29989147186279297
1742766420765355500,10.95635546875,-1.9678168296813965,0.12571626901626587,0.1341457962989807
1742766420779739100,10.9707392578125,0.12392330169677734,1.1014504432678223,-0.5907121896743774
1742766420794122500,10.98512255859375,2.081061363220215,0.11682134866714478,-0.35309451818466187
1742766420808506000,10.999506103515625,1.2918338775634766,0.20078939199447632,-0.17152467370033264
1742766420822889500,11.013889404296876,0.24006271362304688,-0.46631839871406555,-0.6742405891418457
1742766420837273000,11.028273193359375,1.2400999069213867,0.10479962825775146,-0.3913351595401764
1742766420851656400,11.042656494140624,-0.963322639465332,-0.009006738662719727,-0.21033266186714172
1742766420866040000,11.0570400390625,0.2935066223144531,-0.09248742461204529,-0.055228594690561295
1742766420880423400,11.07142333984375,1.5831069946289062,-0.9909473657608032,-0.3545631766319275
1742766420894807000,11.08580712890625,1.5733156204223633,0.6653698682785034,-0.2805275619029999
1742766420909190400,11.1001904296875,-0.9735937118530273,0.28063368797302246,-0.025574445724487305
1742766420923574000,11.114573974609375,0.15007400512695312,-0.7237646579742432,0.4939834177494049
1742766420937957400,11.128957275390626,-0.6681690216064453,0.15526723861694336,-0.5810598134994507
1742766420952341000,11.143341064453125,-1.8372883796691895,0.15325629711151123,0.19876538217067719
1742766420966724400,11.157724365234374,1.0409631729125977,-0.09550938010215759,-0.1941535323858261
1742766420981108000,11.17210791015625,-2.031059741973877,-0.49750038981437683,0.20890426635742188
1742766420995491300,11.1864912109375,0.1187143325805664,0.4915453791618347,-0.0646517351269722
1742766421009875000,11.200875,-1.1500673294067383,0.1956307291984558,-0.06175555661320686
1742766421024258300,11.21525830078125,-0.5746545791625977,0.36909109354019165,-0.07207011431455612
1742766421038642000,11.229641845703124,-1.0581350326538086,-0.5356480479240417,-0.6443649530410767
1742766421053025300,11.244025390625,1.6247386932373047,0.7989423871040344,0.0970267653465271
1742766421067409000,11.258408935546875,0.2877178192138672,0.3535575270652771,-0.040589042007923126
1742766421081792300,11.272792236328126,1.628915786743164,-0.1993565857410431,-0.2324128895998001
1742766421096175900,11.28717578125,0.02111339569091797,-0.8237402439117432,-0.4198983609676361
1742766421110559200,11.301559326171875,0.4285449981689453,0.6196283102035522,-0.2674436569213867
1742766421124942800,11.31594287109375,-3.0333704948425293,-0.45424503087997437,0.04107771813869476
1742766421139326200,11.330326171875,1.0439462661743164,-0.3833845257759094,0.3892945647239685
1742766421153709800,11.344709716796874,0.5487957000732422,0.12244391441345215,-0.5296390056610107
1742766421168093200,11.35909326171875,1.9376373291015625,0.009627461433410645,-0.03064604289829731
1742766421182476800,11.373476806640625,-0.5114707946777344,0.25910866260528564,0.20259425044059753
1742766421196860200,11.387860107421876,-1.4955806732177734,-0.8343772292137146,0.11272543668746948
1742766421211243800,11.402243896484375,-0.8828153610229492,0.23083513975143433,-0.276848167181015
1742766421225627100,11.416627197265624,-1.3008403778076172,-0.07702800631523132,-0.049792900681495667
1742766421240010800,11.4310107421875,-2.0680956840515137,0.1359919309616089,-0.3145626187324524
1742766421254394000,11.44539404296875,-2.7571663856506348,-0.566029965877533,-0.008875819854438305
1742766421268777700,11.45977783203125,-0.06985759735107422,0.35273587703704834,-0.0394948273897171
1742766421283161300,11.474161376953125,0.4266681671142578,-0.0898611843585968,0.09079384803771973
1742766421297544700,11.488544677734374,-0.40897560119628906,0.033503055572509766,-0.36853787302970886
1742766421311928300,11.50292822265625,-0.5668258666992188,-0.19856342673301697,-0.36845889687538147
1742766421326311700,11.517311767578125,0.7966842651367188,0.6246224641799927,0.22693412005901337
1742766421340695300,11.5316953125,-0.8001642227172852,0.09164035320281982,-0.29090043902397156
1742766421355078700,11.54607861328125,2.470113754272461,-0.2912040948867798,-0.09916669875383377
1742766421369462300,11.560462158203125,-0.5346145629882812,0.11585760116577148,-0.548906147480011
1742766421383845600,11.574845703125,0.1629934310913086,0.48882365226745605,-0.562099039554596
1742766421398229200,11.589229248046875,-0.15913105010986328,-0.44598597288131714,-0.16256749629974365
1742766421412612600,11.603612548828124,0.15250778198242188,-0.6384226083755493,0.30705010890960693
1742766421426996200,11.617996337890625,-0.20133018493652344,0.45052391290664673,-0.7270346283912659
1742766421441379600,11.632379638671875,-0.8201799392700195,-0.08533483743667603,-0.42498350143432617
1742766421455763200,11.64676318359375,-1.4429845809936523,-0.08579036593437195,-0.10351059585809708
1742766421470146600,11.661146484375,-3.423856258392334,-0.3756678104400635,-0.38594573736190796
1742766421484530200,11.6755302734375,-0.7210025787353516,0.23192036151885986,-0.3032107353210449
1742766421498913500,11.68991357421875,0.7627239227294922,-0.18614214658737183,0.14554908871650696
1742766421513297200,11.704297119140625,0.6175756454467773,-0.10400095582008362,-0.4404158890247345
1742766421527680500,11.718680419921874,-2.507686138153076,-0.2697979211807251,-0.8620762825012207
1742766421542064000,11.733064208984375,-0.2509613037109375,0.4435870051383972,0.6238765716552734
1742766421556447500,11.747447509765625,-0.5136699676513672,0.16175627708435059,0.19693753123283386
1742766421570831000,11.7618310546875,2.082028388977051,-0.3596818447113037,-0.24206967651844025
1742766421585214500,11.77621435546875,0.8765048980712891,0.05334317684173584,-0.49165892601013184
1742766421599598000,11.79059814453125,-0.9709672927856445,0.9074825644493103,-0.20041432976722717
1742766421613981400,11.8049814453125,-0.3159027099609375,-0.40165066719055176,-0.5805708765983582
1742766421628365000,11.819364990234375,1.414341926574707,-0.6330877542495728,-0.07129557430744171
1742766421642748400,11.83374853515625,0.8809967041015625,0.5223701596260071,-0.21693158149719238
1742766421657132000,11.848132080078125,0.9995946884155273,-0.02270081639289856,-0.5365775227546692
1742766421671515400,11.862515380859374,-0.0113525390625,-0.4298141896724701,-0.5160207748413086
1742766421685899000,11.87689892578125,-1.5802021026611328,-0.47192418575286865,0.21773038804531097
1742766421700282400,11.891282470703125,1.0577516555786133,-0.0809878408908844,-0.8056275248527527
1742766421714666000,11.905666015625,-1.0217399597167969,-0.26838767528533936,-0.40862154960632324
1742766421729049300,11.92004931640625,-1.6223268508911133,0.09308892488479614,0.46974194049835205
1742766421743433000,11.934432861328125,-0.8895282745361328,-0.34430521726608276,-0.8289401531219482
1742766421757816300,11.94881640625,0.7962961196899414,0.6163113117218018,-0.02969387359917164
1742766421772200000,11.963199951171875,-1.3882503509521484,0.13585853576660156,0.2977584898471832
1742766421786583300,11.977583251953124,1.1452884674072266,-0.13574740290641785,-0.12171731889247894
1742766421800967000,11.991966796875,0.6649169921875,0.11881768703460693,-0.5846901535987854
1742766421815350300,12.006350341796875,-0.6370983123779297,0.44349443912506104,0.2823711335659027
1742766421829734000,12.02073388671875,0.41901683807373047,0.2540912628173828,-0.4885684847831726
1742766421844117500,12.035117431640625,1.8994264602661133,-0.5101158618927002,-0.12777097523212433
1742766421858500900,12.0495009765625,2.8441123962402344,0.26755446195602417,0.2178567349910736
1742766421872884500,12.063884521484376,1.3728551864624023,0.47121673822402954,-0.3672856092453003
1742766421887267800,12.078267822265625,-1.0526447296142578,0.11920136213302612,-0.31559181213378906
1742766421901651500,12.0926513671875,-0.7363929748535156,-0.7037057280540466,-0.22590497136116028
1742766421916034800,12.107034912109375,1.0848875045776367,0.7154293060302734,-0.5741233825683594
1742766421930418400,12.12141845703125,0.26616764068603516,-0.1530507206916809,0.06519821286201477
1742766421944801800,12.1358017578125,-0.4975614547729492,-0.42359575629234314,-0.20729924738407135
1742766421959185400,12.150185302734375,-3.35032320022583,-0.7253328561782837,-0.4332886338233948
1742766421973568800,12.16456884765625,-0.9912862777709961,0.20384109020233154,0.5653871297836304
1742766421987952400,12.178952392578125,0.8039789199829102,0.15885251760482788,0.14705662429332733
1742766422002335700,12.193335693359375,-1.353102684020996,-0.432525634765625,0.20787470042705536
1742766422016719400,12.20771923828125,-0.5371360778808594,0.05852919816970825,-0.26696687936782837
1742766422031102700,12.222102783203125,0.2710285186767578,0.860567569732666,0.1312592774629593
1742766422045486300,12.236486328125,-0.7464466094970703,0.16795730590820312,0.04660379886627197
1742766422059869700,12.25086962890625,1.0092878341674805,-0.38803809881210327,0.6170144081115723
1742766422074253300,12.26525341796875,0.13598346710205078,0.691640317440033,-0.272074431180954
1742766422088636700,12.27963671875,0.2972431182861328,-0.3999132513999939,-0.09171069413423538
1742766422103020300,12.294020263671875,1.1198949813842773,-0.24217179417610168,0.147252157330513
1742766422117403600,12.308403564453124,-1.1288347244262695,-0.3641582429409027,0.004218049347400665
1742766422131787300,12.322787353515626,0.6576452255249023,-0.2993760108947754,-0.11594279110431671
1742766422146170600,12.337170654296875,1.8406963348388672,0.41843754053115845,0.2560112178325653
1742766422160554200,12.35155419921875,-0.47588157653808594,-0.05017611384391785,0.03186905011534691
1742766422174937600,12.3659375,0.31140613555908203,-0.19307765364646912,-0.307187557220459
1742766422189321200,12.3803212890625,0.5894412994384766,0.46698492765426636,0.33513155579566956
1742766422203704600,12.39470458984375,-1.4730596542358398,-0.6289764642715454,0.20546163618564606
1742766422218088200,12.409088134765625,-0.23445606231689453,-0.6000766158103943,0.586381733417511
1742766422232471600,12.423471435546874,-1.2296953201293945,-0.5629315376281738,0.2930529713630676
1742766422246855200,12.437855224609375,0.24270153045654297,-0.007165431976318359,0.9791869521141052
1742766422261238500,12.452238525390625,0.2667255401611328,0.3883311152458191,0.48627036809921265
1742766422275622100,12.4666220703125,-0.5550451278686523,-0.6468968391418457,0.4641151428222656
1742766422290005500,12.481005615234375,-0.004429817199707031,0.2181915044784546,0.2532079517841339
1742766422304389000,12.49538916015625,1.2592620849609375,0.7531901001930237,0.20977361500263214
1742766422318772500,12.5097724609375,0.3007802963256836,-0.06901994347572327,0.37284278869628906
1742766422333156000,12.524156005859375,1.5071344375610352,-0.35236018896102905,0.07452602684497833
1742766422347539500,12.53853955078125,0.14292240142822266,0.30364519357681274,-0.06228053197264671
1742766422361923000,12.552923095703125,0.2863149642944336,-0.25799790024757385,0.3366556763648987
1742766422376306400,12.567306396484375,1.0727767944335938,-0.09672370553016663,0.15324954688549042
1742766422390690000,12.58168994140625,0.7195968627929688,-0.24061444401741028,-0.18308952450752258
1742766422405073400,12.596073486328125,0.669682502746582,0.13230979442596436,-0.5143867135047913
1742766422419457000,12.61045703125,-1.8945460319519043,0.2234635353088379,0.36558911204338074
1742766422433840400,12.62484033203125,-0.9220113754272461,-0.1696309745311737,0.6017345786094666
1742766422448224000,12.63922412109375,-0.12366771697998047,-0.04616621136665344,-0.2301134616136551
1742766422462607400,12.653607421875,-0.4154043197631836,0.17542541027069092,0.7586970925331116
1742766422476991000,12.667990966796875,-0.68865966796875,-0.06128746271133423,0.15405137836933136
1742766422491374300,12.682374267578124,-1.1232490539550781,-0.3745628595352173,0.8378624320030212
1742766422505758000,12.696758056640626,-0.13587188720703125,-0.20034179091453552,0.6497980952262878
1742766422520141300,12.711141357421875,0.5174455642700195,0.2785907983779907,0.24745331704616547
1742766422534525000,12.72552490234375,0.7125883102416992,0.4011218547821045,0.300331711769104
1742766422548908300,12.739908203125,-1.7618541717529297,-0.5358868837356567,-0.4907689392566681
1742766422563292000,12.7542919921875,1.5623979568481445,0.6330585479736328,0.32872727513313293
1742766422577675300,12.76867529296875,1.323075294494629,-0.18948563933372498,0.5438416600227356
1742766422592059000,12.783058837890625,0.1188974380493164,-0.055261582136154175,0.324014812707901
1742766422606442200,12.797442138671874,0.7864446640014648,-0.19923058152198792,0.11212092638015747
1742766422620825900,12.811825927734375,1.4310684204101562,0.20087337493896484,-0.2556443214416504
1742766422635209200,12.826209228515625,0.12117385864257812,-0.2740512490272522,0.41751828789711
1742766422649592800,12.8405927734375,-1.2007131576538086,-0.2930296063423157,1.047258973121643
1742766422663976400,12.8549765625,0.4327821731567383,-0.1405925452709198,-0.5429169535636902
1742766422678359800,12.86935986328125,0.8209772109985352,-0.09190487861633301,0.35582435131073
1742766422692743400,12.883743408203125,-0.5044021606445312,0.14981120824813843,0.3026379942893982
1742766422707126800,12.898126708984375,-1.0400972366333008,-1.2002043724060059,-0.23112499713897705
1742766422721510400,12.912510498046874,-0.14196109771728516,0.6970373392105103,0.26253587007522583
1742766422735893800,12.926893798828125,-1.4433956146240234,0.12739652395248413,0.4711511731147766
1742766422750277400,12.94127734375,1.2455015182495117,0.07426494359970093,-0.2546381950378418
1742766422764660700,12.95566064453125,-1.0702085494995117,-0.041646331548690796,-0.033378176391124725
1742766422779044400,12.97004443359375,0.6313104629516602,0.3514845371246338,0.3540635406970978
1742766422793427700,12.984427734375,1.0916213989257812,0.34852319955825806,0.3694506287574768
1742766422807811300,12.998811279296875,1.5297622680664062,-0.06342342495918274,-0.0010939855128526688
1742766422822194700,13.013194580078125,-0.14742374420166016,-0.9003194570541382,-0.23877032101154327
1742766422836578300,13.027578369140626,0.5033063888549805,0.856772243976593,0.4429321885108948
1742766422850961700,13.041961669921875,-0.4536151885986328,0.29720979928970337,0.045649319887161255
1742766422865345300,13.05634521484375,2.12119197845459,-0.6129222512245178,0.09956731647253036
1742766422879728600,13.070728759765625,0.3099851608276367,0.1680247187614441,-0.0442974790930748
1742766422894112300,13.0851123046875,-0.06821060180664062,0.34448039531707764,0.1228298544883728
1742766422908495600,13.09949560546875,-0.3884410858154297,-0.1237555742263794,0.04005149006843567
1742766422922879200,13.113879150390625,-0.6118183135986328,-0.5088518261909485,0.09985778480768204
1742766422937262600,13.1282626953125,-0.9814844131469727,-0.06901577115058899,-0.4622720181941986
1742766422951646200,13.142646240234376,0.8095636367797852,-0.34811931848526,0.39423251152038574
1742766422966029600,13.157029541015625,-1.3777198791503906,0.22292321920394897,-0.28447622060775757
1742766422980413200,13.1714130859375,-2.331566333770752,-0.39294177293777466,-0.4815222918987274
1742766422994796500,13.185796630859375,0.5976238250732422,0.5668597221374512,0.13345851004123688
1742766423009180200,13.20018017578125,-0.42438507080078125,0.24271529912948608,0.12031028419733047
1742766423023563500,13.2145634765625,0.274658203125,0.06553477048873901,-0.35550162196159363
1742766423037947100,13.228947021484375,0.5576133728027344,0.2769775986671448,-0.12867973744869232
1742766423052330500,13.24333056640625,0.08712387084960938,0.13972896337509155,0.3772226572036743
1742766423066714000,13.257714111328125,2.271092414855957,-0.18735772371292114,-0.08531035482883453
1742766423081097500,13.272097412109375,-0.20084857940673828,-0.2588251233100891,-0.03227093070745468
1742766423095481000,13.286481201171876,1.1743965148925781,-0.4737643003463745,-0.5286155343055725
1742766423109864400,13.300864501953125,0.29733753204345703,0.3889996409416199,0.07610620558261871
1742766423124248000,13.315248046875,-0.9873628616333008,0.4153080880641937,-0.004846934229135513
1742766423138631400,13.32963134765625,1.055068016052246,-0.6918477416038513,-0.13198193907737732
1742766423153015000,13.34401513671875,-0.04777717590332031,-0.24376395344734192,-0.22816871106624603
1742766423167398400,13.3583984375,-0.5750150680541992,-0.20837187767028809,0.4050196707248688
1742766423181782000,13.372781982421875,1.0676631927490234,0.3102836012840271,0.3517269194126129
1742766423196165400,13.387165283203124,-2.0462594032287598,-0.6271129846572876,-0.0018177758902311325
1742766423210549000,13.401549072265626,-0.4700155258178711,0.2500267028808594,0.2997911870479584
1742766423224932400,13.415932373046875,-0.9840641021728516,0.35429003834724426,0.37822073698043823
1742766423239316000,13.43031591796875,0.13277912139892578,-0.2914860248565674,0.318373441696167
1742766423253699300,13.44469921875,1.2058801651000977,0.15294149518013,-0.06032051146030426
1742766423268083000,13.4590830078125,-0.7412500381469727,0.6891213655471802,-0.02793760597705841
1742766423282466300,13.47346630859375,0.6871547698974609,-0.18531379103660583,-0.374278724193573
1742766423296850000,13.487849853515625,0.7129144668579102,-0.315588116645813,0.04522927105426788
1742766423311233300,13.5022333984375,1.2024288177490234,0.22360074520111084,-0.0626644641160965
1742766423325617000,13.516616943359375,2.054173469543457,-0.2965240478515625,-0.351886510848999
1742766423340000300,13.531000244140625,-1.2127838134765625,0.2488359808921814,0.11897405236959457
1742766423354384000,13.5453837890625,-0.2118396759033203,-0.3626815676689148,-0.5534905195236206
1742766423368767200,13.559767333984375,1.615677833557129,-0.29330432415008545,-0.6870297789573669
1742766423383150800,13.57415087890625,0.39150238037109375,-0.0622161328792572,0.40352487564086914
1742766423397534200,13.5885341796875,-1.2331476211547852,0.3441987633705139,0.02153133414685726
1742766423411917800,13.602917724609375,-0.03716087341308594,-0.7649738788604736,-0.6593942046165466
1742766423426301200,13.61730126953125,-0.3907947540283203,0.22194021940231323,-0.07968151569366455
1742766423440684800,13.631684814453125,-0.5502433776855469,0.5596135854721069,0.31890061497688293
1742766423455068200,13.646068115234375,0.6665506362915039,-0.43951502442359924,-0.15509505569934845
1742766423469451800,13.66045166015625,-0.5461206436157227,-0.0029000937938690186,-0.009967366233468056
1742766423483835100,13.674835205078125,-0.3688488006591797,1.0244319438934326,0.19243384897708893
1742766423498218800,13.68921875,0.19886398315429688,0.18806356191635132,-0.5244131684303284
1742766423512602000,13.70360205078125,1.2854719161987305,-0.520327627658844,0.047570325434207916
1742766423526985700,13.71798583984375,-0.20726490020751953,0.5195982456207275,-0.13804897665977478
1742766423541369000,13.732369140625,0.0031785964965820312,-0.06576767563819885,-0.18035690486431122
1742766423555752700,13.746752685546875,0.7366838455200195,-0.09742733836174011,0.036762237548828125
1742766423570136000,13.761135986328124,-0.027159690856933594,-0.5689978003501892,-0.3974436819553375
1742766423584519700,13.775519775390626,0.6140909194946289,-0.06368222832679749,-0.03249073028564453
1742766423598903000,13.789903076171875,0.5207548141479492,0.1544245481491089,0.24955040216445923
1742766423613286700,13.80428662109375,-1.1641864776611328,-0.023054122924804688,0.16817814111709595
1742766423627670000,13.818669921875,-1.2591943740844727,-0.539823055267334,-0.23049385845661163
1742766423642053600,13.8330537109375,-0.6579809188842773,0.3382616937160492,0.3238716125488281
1742766423656437000,13.84743701171875,0.5485801696777344,-0.19167807698249817,0.3861716687679291
1742766423670820600,13.861820556640625,-1.6587514877319336,-0.3658127784729004,0.39796438813209534
1742766423685204000,13.876203857421874,-0.8559818267822266,0.02560901641845703,0.02008669637143612
1742766423699587600,13.890587646484375,-0.2642955780029297,0.26740726828575134,0.19690364599227905
1742766423713971000,13.904970947265625,0.34861087799072266,0.26221752166748047,-0.3852671682834625
1742766423728354600,13.9193544921875,-1.6252508163452148,-0.2000933587551117,-0.33815494179725647
1742766423742738000,13.933738037109375,2.1043081283569336,0.1197473406791687,-0.07933765649795532
1742766423757121500,13.94812158203125,0.8124628067016602,-0.2416681945323944,0.23407720029354095
1742766423771505000,13.9625048828125,0.12544918060302734,0.5276851654052734,-0.09718123078346252
1742766423785888500,13.976888427734375,0.21999073028564453,-0.6209834814071655,-0.5152156352996826
1742766423800272000,13.99127197265625,1.8662548065185547,0.2159024178981781,-0.04053911194205284
1742766423814655500,14.005655517578125,-0.48552608489990234,0.11627131700515747,0.06967147439718246
1742766423829039000,14.0200390625,0.1920480728149414,-0.23829767107963562,0.07279424369335175
1742766423843422500,14.03442236328125,-0.19795703887939453,-0.30641448497772217,-0.14625883102416992
1742766423857806000,14.04880615234375,0.6364631652832031,0.2609791159629822,-0.05536092072725296
1742766423872189400,14.063189453125,-0.3327627182006836,-0.22158685326576233,-0.032583750784397125
1742766423886573000,14.077572998046875,0.05688953399658203,-0.3394051790237427,0.5927609801292419
1742766423900956400,14.091956298828125,-0.4995546340942383,0.09802043437957764,0.2711886465549469
1742766423915340000,14.106340087890626,0.5428380966186523,0.27694594860076904,-0.26815423369407654
1742766423929723400,14.120723388671875,-1.049729347229004,0.20995593070983887,-0.19398953020572662
1742766423944107000,14.13510693359375,-2.3718132972717285,-0.422848641872406,0.18491262197494507
1742766423958490400,14.149490478515625,0.5375337600708008,-0.28214454650878906,0.07582402229309082
1742766423972874000,14.1638740234375,0.47179698944091797,0.2198391556739807,-0.10910817980766296
1742766423987257300,14.17825732421875,0.3518104553222656,0.437366783618927,-0.24826060235500336
1742766424001641000,14.192640869140625,1.1863527297973633,-0.047894299030303955,-0.3888510465621948
1742766424016024300,14.2070244140625,0.5635910034179688,0.3626643419265747,-0.16240966320037842
1742766424030408000,14.221407958984376,-0.10227680206298828,-0.040161460638046265,0.6227400898933411
1742766424044791300,14.235791259765625,1.6265497207641602,-0.3700534701347351,0.5841380953788757
1742766424059175000,14.2501748046875,-0.5671758651733398,-0.5195519924163818,-0.4475674033164978
1742766424073558300,14.264558349609375,0.5993995666503906,0.7899436354637146,-0.08196969330310822
1742766424087942000,14.27894189453125,-1.4080009460449219,0.1491708755493164,0.48192134499549866
1742766424102325200,14.2933251953125,-0.2652273178100586,-0.2601984143257141,0.18198448419570923
1742766424116708900,14.307708984375,0.4549875259399414,-0.17570045590400696,0.5396996140480042
1742766424131092200,14.32209228515625,-0.9751501083374023,-0.21716970205307007,-0.1258610039949417
1742766424145475800,14.336475830078125,-1.4815282821655273,0.06704384088516235,-0.03949622064828873
1742766424159859200,14.350859130859375,-1.1793708801269531,-0.7985376119613647,0.22804027795791626
1742766424174242800,14.365242919921876,0.2913789749145508,0.26717957854270935,-0.19784723222255707
1742766424188626200,14.379626220703125,0.6864414215087891,0.08990266919136047,0.369620144367218
1742766424203009500,14.394009521484374,2.420598030090332,0.34702926874160767,-0.028435125946998596
1742766424217393200,14.40839306640625,-0.5082921981811523,-0.03763517737388611,-0.6560062170028687
1742766424231776500,14.422776611328125,1.4982566833496094,0.5442044734954834,0.3951777517795563
1742766424246160100,14.43716015625,1.2613277435302734,0.09024325013160706,0.0331709086894989
1742766424260543500,14.45154345703125,0.5237445831298828,0.06372308731079102,0.0479765348136425
1742766424274927000,14.465927001953125,0.9085121154785156,-0.6803871393203735,-0.11771753430366516
1742766424289310700,14.480310791015626,1.2976694107055664,0.25159531831741333,-0.33177024126052856
